t_sec,joint,current_rad,command_rad
0.0006,shoulder_yaw,1.1689353783047714e-18,0.0
0.0006,shoulder_pitch,-0.24784173693563336,0.0
0.0006,elbow_pitch,0.8188504004777991,1.0
0.0006,wrist_yaw,2.734723216492832e-19,0.0
0.0386,shoulder_yaw,0.005196754428791838,0.005725739419382874
0.0386,shoulder_pitch,-0.12243622080839657,0.0053437119533350395
0.0386,elbow_pitch,1.000180407680562,1.0068699528107816
0.0386,wrist_yaw,-2.549114612781019e-05,0.0
0.0724,shoulder_yaw,0.009857317883675238,0.010776978091171148
0.0724,shoulder_pitch,0.05516722092618935,0.01005643509044842
0.0724,elbow_pitch,1.0415949425563815,1.0129261408405132
0.0724,wrist_yaw,8.849358255314925e-06,0.0
0.1109,shoulder_yaw,0.01504198630933678,0.01657526024169774
0.1109,shoulder_pitch,0.09303639831436271,0.015462678700773903
0.1109,elbow_pitch,0.9987050957896725,1.0198676241535805
0.1109,wrist_yaw,4.151860887768485e-06,0.0
0.1468,shoulder_yaw,0.02121764153034986,0.021936787958262826
0.1468,shoulder_pitch,0.07935513981068687,0.020456786427169308
0.1468,elbow_pitch,0.9197110439944656,1.026271516596477
0.1468,wrist_yaw,-2.800974466293616e-06,0.0
0.1812,shoulder_yaw,0.027435753564095874,0.02707548473650768
0.1812,shoulder_pitch,0.05646717402204704,0.0252374236841514
0.1812,elbow_pitch,0.8334628030739879,1.0323915472689702
0.1812,wrist_yaw,-2.996898211600292e-06,0.0
0.215,shoulder_yaw,0.032498483693406445,0.032106945256508874
0.215,shoulder_pitch,0.0328875290953672,0.02991134186412572
0.215,elbow_pitch,0.7536331546088731,1.038363034910808
0.215,wrist_yaw,1.1472147369901604e-06,0.0
0.2536,shoulder_yaw,0.036801491911396006,0.03787132669211716
0.2536,shoulder_pitch,0.015182324129456772,0.035255936449791025
0.2536,elbow_pitch,0.688834951372037,1.0451739654463907
0.2536,wrist_yaw,9.98600963211146e-07,0.0
0.2923,shoulder_yaw,0.040930769073167485,0.043616367277422484
0.2923,shoulder_pitch,0.0068200804269002175,0.04056989561089317
0.2923,elbow_pitch,0.6432267131488879,1.0519240661654805
0.2923,wrist_yaw,-5.627133564349953e-07,0.0
0.3294,shoulder_yaw,0.04515740848465112,0.04911615794783631
0.3294,shoulder_pitch,0.008258431930515297,0.04564326292288973
0.3294,elbow_pitch,0.6175516058217554,1.0583449668128815
0.3294,wrist_yaw,-1.2506146384212927e-06,0.0
0.364,shoulder_yaw,0.04949619644381428,0.0541823772044444
0.364,shoulder_pitch,0.01762517921385344,0.05030320308895057
0.364,elbow_pitch,0.6101368313852058,1.0642194965583298
0.364,wrist_yaw,-8.910652657924734e-07,0.0
0.4024,shoulder_yaw,0.05408949557925565,0.059870392085725484
0.4024,shoulder_pitch,0.032003693460180574,0.055517846181992216
0.4024,elbow_pitch,0.6179468636484917,1.0707637106627912
0.4024,wrist_yaw,-1.1750270820359804e-06,0.0
0.441,shoulder_yaw,0.05896554193682444,0.06555994835171729
0.441,shoulder_pitch,0.048197847985022683,0.06071366068998862
0.441,elbow_pitch,0.6371818172413485,1.0772494971877549
0.441,wrist_yaw,-9.612823100333096e-07,0.0
0.4796,shoulder_yaw,0.06404499805097091,0.07119858248182193
0.4796,shoulder_pitch,0.06351402053269772,0.06584089197321276
0.4796,elbow_pitch,0.6638461096974841,1.0836116809269154
0.4796,wrist_yaw,-2.849498351142499e-07,0.0
0.5135,shoulder_yaw,0.06900363901093262,0.07613060770503596
0.5135,shoulder_pitch,0.07277042593775046,0.0703058887682109
0.5135,elbow_pitch,0.6931820587209588,1.0891181655605995
0.5135,wrist_yaw,1.3550010298105783e-06,0.0
0.5481,shoulder_yaw,0.07372753919089427,0.08114613093753371
0.5481,shoulder_pitch,0.0742005921878804,0.07482601420744092
0.5481,elbow_pitch,0.7218749573787102,1.0946573465630507
0.5481,wrist_yaw,1.7772358489250071e-06,0.0
0.5856,shoulder_yaw,0.07836374849074945,0.08654055603612419
0.5856,shoulder_pitch,0.06913506750256992,0.0796627562784114
0.5856,elbow_pitch,0.7480237026033548,1.1005416036455478
0.5856,wrist_yaw,9.633068431751494e-07,0.0
0.6237,shoulder_yaw,0.08303973177697384,0.0919884395210027
0.6237,shoulder_pitch,0.060063450851653793,0.08451922415093296
0.6237,elbow_pitch,0.7705432664643058,1.106401096186652
0.6237,wrist_yaw,2.577447655204521e-07,0.0
0.6575,shoulder_yaw,0.08760484377803868,0.09680211893290246
0.6575,shoulder_pitch,0.049466808234657385,0.08878498803533343
0.6575,elbow_pitch,0.7888040976931301,1.1115039835496474
0.6575,wrist_yaw,7.040186006213485e-07,0.0
0.6936,shoulder_yaw,0.092108176105473,0.1019156504426441
0.6936,shoulder_pitch,0.03947800653976768,0.09328857618790694
0.6936,elbow_pitch,0.8026366224508599,1.1168429663341493
0.6936,wrist_yaw,3.992375077165551e-07,0.0
0.7322,shoulder_yaw,0.09668820568717117,0.10733469858076676
0.7322,shoulder_pitch,0.03160046072132945,0.09802771149503747
0.7322,elbow_pitch,0.8122219989614646,1.122402919271507
0.7322,wrist_yaw,-2.219139205331281e-07,0.0
0.767,shoulder_yaw,0.10119336724776509,0.11212563884885791
0.767,shoulder_pitch,0.026551370462372565,0.10218688361562929
0.767,elbow_pitch,0.817914529905905,1.1272290410594255
0.767,wrist_yaw,3.192544977603231e-07,0.0
0.8059,shoulder_yaw,0.1057648735830919,0.11755582122862547
0.8059,shoulder_pitch,0.0490946637595172,0.10686387213211374
0.8059,elbow_pitch,0.8265428707572812,1.1325911757671432
0.8059,wrist_yaw,-2.3923291213909846e-07,0.0
0.8416,shoulder_yaw,0.11024729615887581,0.1224939544729462
0.8416,shoulder_pitch,0.05586522048232423,0.1110806137835399
0.8416,elbow_pitch,0.825939384797563,1.1373618164834078
0.8416,wrist_yaw,9.66022717956046e-07,0.0
0.8772,shoulder_yaw,0.11464099774380569,0.12729144685729987
0.8772,shoulder_pitch,0.05639124900313143,0.11514190682188326
0.8772,elbow_pitch,0.8208517607794151,1.1418944787065448
0.8772,wrist_yaw,4.6590837283166406e-07,0.0
0.9124,shoulder_yaw,0.11895298922226703,0.13207942480748866
0.9124,shoulder_pitch,0.055844600273740864,0.11915832029415255
0.9124,elbow_pitch,0.81440129063629,1.1463121419775302
0.9124,wrist_yaw,2.1448302558924203e-07,0.0
0.951,shoulder_yaw,0.1233341444593486,0.13727849948140666
0.951,shoulder_pitch,0.056453618951935,0.1234753858891053
0.951,elbow_pitch,0.8084706818568196,1.150982320166708
0.951,wrist_yaw,-3.946307846859131e-07,0.0
0.9897,shoulder_yaw,0.1278102676047823,0.14240941137875213
0.9897,shoulder_pitch,0.058635397848039006,0.12768793347592697
0.9897,elbow_pitch,0.8040147832103943,1.1554543287900185
0.9897,wrist_yaw,-4.6846610345677936e-07,0.0
1.0284,shoulder_yaw,0.13234266311389098,0.1474889690976633
1.0284,shoulder_pitch,0.06194523022534972,0.13180845723156068
1.0284,elbow_pitch,0.8013974512708052,1.1597396624255891
1.0284,wrist_yaw,-2.616275800155984e-07,0.0
1.0659,shoulder_yaw,0.13682061147126506,0.1523465698028143
1.0659,shoulder_pitch,0.06565855090441078,0.13569964089483796
1.0659,elbow_pitch,0.8006175281271675,1.1636980395050762
1.0659,wrist_yaw,2.198881518710587e-07,0.0
1.1004,shoulder_yaw,0.14107295598497027,0.15678469191937433
1.1004,shoulder_pitch,0.06909402383839011,0.13921016732918556
1.1004,elbow_pitch,0.8014589437424255,1.1671886071524944
1.1004,wrist_yaw,9.14314971278936e-07,0.0
1.1394,shoulder_yaw,0.14525135705782216,0.16171275966957296
1.1394,shoulder_pitch,0.07186834120434582,0.14305533208968066
1.1394,elbow_pitch,0.803674118090246,1.1709158270650493
1.1394,wrist_yaw,3.6826141398336034e-07,0.0
1.1785,shoulder_yaw,0.1494562027394351,0.16662039725685315
1.1785,shoulder_pitch,0.07378886073373117,0.14682588798973017
1.1785,elbow_pitch,0.806958058555157,1.174463458242862
1.1785,wrist_yaw,-6.463393569409073e-09,0.0
1.2169,shoulder_yaw,0.1536962826732843,0.17142338460103354
1.2169,shoulder_pitch,0.07482664575389379,0.15045579322709118
1.2169,elbow_pitch,0.8109792431306571,1.1777677019338202
1.2169,wrist_yaw,-3.459136839615348e-08,0.0
1.2507,shoulder_yaw,0.1577471886473753,0.17555971992230288
1.2507,shoulder_pitch,0.07503083517743792,0.1535312276206856
1.2507,elbow_pitch,0.8153708977370532,1.1804729990186433
1.2507,wrist_yaw,7.942536710534821e-07,0.0
1.2893,shoulder_yaw,0.1617352536842461,0.1802252390950936
1.2893,shoulder_pitch,0.07463660303653936,0.15694048341028555
1.2893,elbow_pitch,0.8198606624791247,1.1833599735588856
1.2893,wrist_yaw,3.2431789978305013e-07,0.0
1.3278,shoulder_yaw,0.1657259545888154,0.1848222603431948
1.3278,shoulder_pitch,0.07388520387489841,0.16023409701118596
1.3278,elbow_pitch,0.8242049225052511,1.1860246394621474
1.3278,wrist_yaw,6.37976607623948e-08,0.0
1.3665,shoulder_yaw,0.1697304492761719,0.1893554787332909
1.3665,shoulder_pitch,0.07300073178057538,0.16341416528185468
1.3665,elbow_pitch,0.8282035040004864,1.1884672532442009
1.3665,wrist_yaw,1.4124207172272902e-08,0.0
1.4055,shoulder_yaw,0.17372409413385878,0.1938121253185068
1.4055,shoulder_pitch,0.07217217208586754,0.16647061169316704
1.4055,elbow_pitch,0.8317077603371399,1.1906789463981458
1.4055,wrist_yaw,9.605891608540486e-08,0.0
1.4429,shoulder_yaw,0.17764370455024145,0.19810202125942947
1.4429,shoulder_pitch,0.07153799028896804,0.16934297581291868
1.4429,elbow_pitch,0.8346199137947158,1.1926198022394867
1.4429,wrist_yaw,3.1697968188261413e-07,0.0
1.4774,shoulder_yaw,0.1813428324717797,0.20195870096310406
1.4774,shoulder_pitch,0.07117191097482757,0.17186319263634436
1.4774,elbow_pitch,0.8368833889752324,1.1941981295951627
1.4774,wrist_yaw,8.369370292500211e-07,0.0
1.516,shoulder_yaw,0.18495095968168096,0.20619242090892528
1.516,shoulder_pitch,0.07115410877723746,0.1745577633279429
1.516,elbow_pitch,0.8385229257005079,1.195738651852751
1.516,wrist_yaw,3.6660191547677253e-07,0.0
1.5546,shoulder_yaw,0.18854764042926891,0.21036530450406873
1.5546,shoulder_pitch,0.07150379847064488,0.17713498544555062
1.5546,elbow_pitch,0.8395938805795712,1.1970485750691089
1.5546,wrist_yaw,6.729682760166537e-08,0.0
1.5932,shoulder_yaw,0.19214922795881278,0.21445225558285355
1.5932,shoulder_pitch,0.0721929514701822,0.17957820383268142
1.5932,elbow_pitch,0.8401725275971311,1.198118305806744
1.5932,wrist_yaw,4.653724138668686e-09,0.0
1.6273,shoulder_yaw,0.1955829680331933,0.2179910643453694
1.6273,shoulder_pitch,0.07314165239189406,0.1816246348288506
1.6273,elbow_pitch,0.8403357884318303,1.1988636306024913
1.6273,wrist_yaw,6.194818880000099e-07,0.0
1.6659,shoulder_yaw,0.19895584417538287,0.22193584385288326
1.6659,shoulder_pitch,0.07429498600506522,0.183824980867499
1.6659,elbow_pitch,0.8401866962620299,1.1994840962680633
1.6659,wrist_yaw,2.416266759040942e-07,0.0
1.7042,shoulder_yaw,0.2023050461745223,0.22575881785176438
1.7042,shoulder_pitch,0.07557692621406231,0.18587029061558225
1.7042,elbow_pitch,0.8398170691110861,1.1998602432556118
1.7042,wrist_yaw,9.907261282617872e-08,0.0
1.7429,shoulder_yaw,0.2056424570720091,0.22953414705987848
1.7429,shoulder_pitch,0.07690908055373528,0.1877996099626561
1.7429,elbow_pitch,0.8393049894652315,1.1999993220368563
1.7429,wrist_yaw,5.576718844435702e-08,0.0
1.7815,shoulder_yaw,0.208950525928241,0.23322410806453486
1.7815,shoulder_pitch,0.07821801817059588,0.1895916529530509
1.7815,elbow_pitch,0.8387106121223472,1.1998964414518933
1.7815,wrist_yaw,1.1688174266700183e-07,0.0
1.8185,shoulder_yaw,0.21215268698259873,0.2366747107660718
1.8185,shoulder_pitch,0.07944002110457478,0.19117708534904412
1.8185,elbow_pitch,0.8380760579726471,1.1995713883970232
1.8185,wrist_yaw,3.875501091692584e-07,0.0
1.857,shoulder_yaw,0.21526995664443335,0.24018749366594408
1.857,shoulder_pitch,0.08053163575357924,0.19269411112521062
1.857,elbow_pitch,0.8374252283617231,1.1989966095246427
1.857,wrist_yaw,3.133601151310529e-07,0.0
1.8936,shoulder_yaw,0.21825590305661782,0.24343071266208707
1.8936,shoulder_pitch,0.08146450979785107,0.1940007524891954
1.8936,elbow_pitch,0.8367682285350622,1.1982312716219141
1.8936,wrist_yaw,4.7283549150500855e-07,0.0
1.9288,shoulder_yaw,0.22107093845132963,0.24647698114912853
1.9288,shoulder_pitch,0.08222778086156923,0.19513907145079468
1.9288,elbow_pitch,0.8361050224788467,1.1972917586543803
1.9288,wrist_yaw,6.125603679915309e-07,0.0
1.9671,shoulder_yaw,0.2238167500640739,0.249699955109992
1.9671,shoulder_pitch,0.08282058903905959,0.19624159836151067
1.9671,elbow_pitch,0.8354159516395013,1.1960469907894768
1.9671,wrist_yaw,2.5072437207083476e-07,0.0
2.0057,shoulder_yaw,0.2265521835499794,0.2528677010779299
2.0057,shoulder_pitch,0.08325234714195646,0.19721405646800746
2.0057,elbow_pitch,0.8346722168102149,1.1945517225926179
2.0057,wrist_yaw,3.486822337825488e-08,0.0
2.0415,shoulder_yaw,0.22920057576811456,0.25570131375473293
2.0415,shoulder_pitch,0.08354886184070869,0.19798184010481545
2.0415,elbow_pitch,0.8338544374989548,1.1929663412140659
2.0415,wrist_yaw,3.032598860220264e-07,0.0
2.0806,shoulder_yaw,0.23180993090497592,0.2587000783607945
2.0806,shoulder_pitch,0.08372605455509569,0.1986791485972362
2.0806,elbow_pitch,0.8329253223870559,1.1910109116097058
2.0806,wrist_yaw,1.3529081728592202e-07,0.0
2.1186,shoulder_yaw,0.23437619037505236,0.26156873392488245
2.1186,shoulder_pitch,0.08380794925752313,0.19922413515470586
2.1186,elbow_pitch,0.8318541729082265,1.1888483388707056
2.1186,wrist_yaw,1.436144638042472e-07,0.0
2.154,shoulder_yaw,0.23681176311773589,0.2641293059041899
2.154,shoulder_pitch,0.08383256446611129,0.19959922040639128
2.154,elbow_pitch,0.8306333090125504,1.1866535655933597
2.154,wrist_yaw,4.533602727701896e-07,0.0
2.1881,shoulder_yaw,0.23906263515829795,0.26651268927789523
2.1881,shoulder_pitch,0.08383182600822256,0.19984412629961368
2.1881,elbow_pitch,0.8292643959645032,1.1843649179088855
2.1881,wrist_yaw,6.480862928066632e-07,0.0
2.2272,shoulder_yaw,0.24124644726177247,0.2691280820488097
2.2272,shoulder_pitch,0.08379633612227662,0.19998464775155445
2.2272,elbow_pitch,0.8277155878505995,1.1815532595159821
2.2272,wrist_yaw,2.2968691592213014e-07,0.0
2.2665,shoulder_yaw,0.24342911589944877,0.2716877948432243
2.2665,shoulder_pitch,0.08372475259183994,0.1999769007478867
2.2665,elbow_pitch,0.8259626649738521,1.1784637712559956
2.2665,wrist_yaw,-1.2960469118521959e-08,0.0
2.3056,shoulder_yaw,0.24559767321726153,0.2741060408825386
2.3056,shoulder_pitch,0.08362874078292587,0.19982046613553714
2.3056,elbow_pitch,0.823999021433551,1.1752010089331537
2.3056,wrist_yaw,3.0697696851961697e-08,0.0
2.3425,shoulder_yaw,0.24768345601576072,0.276319364509371
2.3425,shoulder_pitch,0.083531327563503,0.19953326486662917
2.3425,elbow_pitch,0.8218410858739039,1.1718848872316214
2.3425,wrist_yaw,2.7700026824636723e-07,0.0
2.3804,shoulder_yaw,0.24967397200644278,0.27850694816870847
2.3804,shoulder_pitch,0.08342993136922483,0.19909520348276855
2.3804,elbow_pitch,0.8194932471893802,1.1682566964701746
2.3804,wrist_yaw,3.2438637092823977e-07,0.0
2.418,shoulder_yaw,0.25155286519354664,0.2805562911130124
2.418,shoulder_pitch,0.0833267192693938,0.19852540607822472
2.418,elbow_pitch,0.8169709201009608,1.1644978033307374
2.418,wrist_yaw,3.828869639150946e-07,0.0
2.4528,shoulder_yaw,0.25327350836907087,0.2823628063656447
2.4528,shoulder_pitch,0.08324319202650353,0.19787587339438503
2.4528,elbow_pitch,0.8143182904198347,1.1608540195884365
2.4528,wrist_yaw,5.533312657123983e-07,0.0
2.4914,shoulder_yaw,0.25490162353646567,0.2842639361599179
2.4914,shoulder_pitch,0.0831365444595712,0.1970193209609134
2.4914,elbow_pitch,0.8115256142466003,1.1566338965320726
2.4914,wrist_yaw,3.191170525695408e-07,0.0
2.5301,shoulder_yaw,0.25647200446118645,0.2860651304592034
2.5301,shoulder_pitch,0.08298379150663328,0.19601576704084783
2.5301,elbow_pitch,0.8085902156602267,1.1522104717051906
2.5301,wrist_yaw,1.8966563044398845e-07,0.0
2.5687,shoulder_yaw,0.25798842462318966,0.2877590710641136
2.5687,shoulder_pitch,0.0827759489998145,0.1948687009816549
2.5687,elbow_pitch,0.8055152605725625,1.1476033195289843
2.5687,wrist_yaw,1.759789121611735e-07,0.0
2.6029,shoulder_yaw,0.2593789539205299,0.2891658545919694
2.6029,shoulder_pitch,0.08256281592544785,0.1937366760877468
2.6029,elbow_pitch,0.8023612723616361,1.1433848921179393
2.6029,wrist_yaw,4.4136072761289416e-07,0.0
2.6406,shoulder_yaw,0.260666757716211,0.2906141167902475
2.6406,shoulder_pitch,0.08230893326360182,0.1923653174127488
2.6406,elbow_pitch,0.7991212248268009,1.1385943219464094
2.6406,wrist_yaw,3.6230940565525387e-07,0.0
2.6798,shoulder_yaw,0.2618848663715314,0.2920115589458742
2.6798,shoulder_pitch,0.08197690007123218,0.19079850936972467
2.6798,elbow_pitch,0.7957721021811255,1.1334452049891934
2.6798,wrist_yaw,2.3985504826370445e-07,0.0
2.7185,shoulder_yaw,0.2630392823167273,0.29329727984594883
2.7185,shoulder_pitch,0.08155842942815483,0.18909008521848966
2.7185,elbow_pitch,0.7923028183909001,1.128133811163713
2.7185,wrist_yaw,2.1781370389505932e-07,0.0
2.7573,shoulder_yaw,0.26411862457545193,0.29446677918889264
2.7573,shoulder_pitch,0.0810620753290703,0.1872486345377687
2.7573,elbow_pitch,0.7887117778147726,1.122687504112077
2.7573,wrist_yaw,2.6201613138044226e-07,0.0
2.7959,shoulder_yaw,0.26510659260006586,0.29551924077185465
2.7959,shoulder_pitch,0.08050310942264051,0.1852808529709977
2.7959,elbow_pitch,0.7850038282192381,1.1171248061994938
2.7959,wrist_yaw,3.2573560527984756e-07,0.0
2.8305,shoulder_yaw,0.2659601379611515,0.29636122539687876
2.8305,shoulder_pitch,0.07995579935566365,0.18342053127816782
2.8305,elbow_pitch,0.7812464062923664,1.1120679479181308
2.8305,wrist_yaw,4.915935226471899e-07,0.0
2.8692,shoulder_yaw,0.26670930200741005,0.297213281035623
2.8692,shoulder_pitch,0.07936153527581971,0.18117559178070186
2.8692,elbow_pitch,0.7774050775119553,1.1061851219805103
2.8692,wrist_yaw,3.840716134259178e-07,0.0
2.9079,shoulder_yaw,0.26736907809101335,0.2979461577888503
2.9079,shoulder_pitch,0.07870418641078293,0.1788176174287044
2.9079,elbow_pitch,0.7734666289176636,1.100226134247303
2.9079,wrist_yaw,3.282592352847399e-07,0.0
2.9466,shoulder_yaw,0.26794376925363983,0.29856787381864597
2.9466,shoulder_pitch,0.07798347920492277,0.1763281904500576
2.9466,elbow_pitch,0.7694259655873767,1.0941445421051843
2.9466,wrist_yaw,3.148600871105409e-07,0.0
2.9852,shoulder_yaw,0.26843065498011187,0.2990783039401835
2.9852,shoulder_pitch,0.07720617613850331,0.17370799104296605
2.9852,elbow_pitch,0.7652830542154659,1.0879451648458192
2.9852,wrist_yaw,3.286507187056064e-07,0.0
3.0209,shoulder_yaw,0.2688148930132833,0.2994476911303696
3.0209,shoulder_pitch,0.07643502760110356,0.17119593825591634
3.0209,elbow_pitch,0.7610929680756263,1.082172515034507
3.0209,wrist_yaw,3.899045255704084e-07,0.0
3.0591,shoulder_yaw,0.26910196953008725,0.29974270248923246
3.0591,shoulder_pitch,0.07562858182637497,0.16834441354264618
3.0591,elbow_pitch,0.7568352284526215,1.0757997489723363
3.0591,wrist_yaw,3.7350730990212926e-07,0.0
3.0938,shoulder_yaw,0.269289837113573,0.29991270666511066
3.0938,shoulder_pitch,0.07483879348877481,0.16568075003774096
3.0938,elbow_pitch,0.7525649126757058,1.070002243341986
3.0938,wrist_yaw,3.851084293562923e-07,0.0
3.1284,shoulder_yaw,0.269384355163203,0.29999281843814285
3.1284,shoulder_pitch,0.07407051264138094,0.16293457348310444
3.1284,elbow_pitch,0.7483123842710532,1.06416759026647
3.1284,wrist_yaw,3.6656771532977905e-07,0.0
3.1665,shoulder_yaw,0.26939180925235195,0.29997794380920917
3.1665,shoulder_pitch,0.07323840558912731,0.15978446185639952
3.1665,elbow_pitch,0.7440280961543959,1.0576372577219095
3.1665,wrist_yaw,3.4540707716999496e-07,0.0
3.2055,shoulder_yaw,0.26931094468804384,0.2998505397586915
3.2055,shoulder_pitch,0.07229975656452971,0.15645178984423025
3.2055,elbow_pitch,0.7396724380408434,1.0509015025909876
3.2055,wrist_yaw,3.5403721001077844e-07,0.0
3.2443,shoulder_yaw,0.26913643080928923,0.29960869137647184
3.2443,shoulder_pitch,0.07125414298938468,0.15299004948868106
3.2443,elbow_pitch,0.7352258755360843,1.0440777616260704
3.2443,wrist_yaw,3.7960175577633365e-07,0.0
3.283,shoulder_yaw,0.2688636126595681,0.2992552863195255
3.283,shoulder_pitch,0.07012769712975335,0.14943640441882705
3.283,elbow_pitch,0.7306880591521523,1.0372419778157909
3.283,wrist_yaw,4.030236170212679e-07,0.0
3.3218,shoulder_yaw,0.26848998999573165,0.29879083660527783
3.3218,shoulder_pitch,0.06894967128738136,0.14578338183322767
3.3218,elbow_pitch,0.7260669661484116,1.0303808328648325
3.3218,wrist_yaw,4.180661937802862e-07,0.0
3.3584,shoulder_yaw,0.26802435912742967,0.2982452829143104
3.3584,shoulder_pitch,0.0677781242399338,0.14220895418155058
3.3584,elbow_pitch,0.7214054002078575,1.0238193627663368
3.3584,wrist_yaw,3.871821353586411e-07,0.0
3.3948,shoulder_yaw,0.2674778162148178,0.29761682183042476
3.3948,shoulder_pitch,0.0666470671348307,0.13863646036453098
3.3948,elbow_pitch,0.7167452759867416,1.0174027923793754
3.3948,wrist_yaw,3.456127186866428e-07,0.0
3.4335,shoulder_yaw,0.26683271062472713,0.2968207419734349
3.4335,shoulder_pitch,0.06548587629038195,0.13463264710540868
3.4335,elbow_pitch,0.7120506159812285,1.0103701289959022
3.4335,wrist_yaw,4.219350222097764e-07,0.0
3.4723,shoulder_yaw,0.2660827546674464,0.29592374977946345
3.4723,shoulder_pitch,0.06428040417925945,0.13058319228581294
3.4723,elbow_pitch,0.7073162593358303,1.0034188528527421
3.4723,wrist_yaw,4.539873817022794e-07,0.0
3.5109,shoulder_yaw,0.2652255029091501,0.2949113941394196
3.5109,shoulder_pitch,0.06302760994067776,0.12641889978368862
3.5109,elbow_pitch,0.7025424251959499,0.9964314320038692
3.5109,wrist_yaw,4.693337019300604e-07,0.0
3.5498,shoulder_yaw,0.2642641778849819,0.29379296715107606
3.5498,shoulder_pitch,0.061736870432612646,0.12217965068577048
3.5498,elbow_pitch,0.6977387214638683,0.9894781945532021
3.5498,wrist_yaw,4.6116342355854714e-07,0.0
3.5888,shoulder_yaw,0.263199958039641,0.292555337671362
3.5888,shoulder_pitch,0.06041078227522355,0.11781872221601536
3.5888,elbow_pitch,0.6929114135555466,0.9824866030738137
3.5888,wrist_yaw,4.611972853136965e-07,0.0
3.6264,shoulder_yaw,0.26204666391307313,0.29124554897682614
3.6264,shoulder_pitch,0.059076465810053116,0.11349429889309211
3.6264,elbow_pitch,0.6880885948833352,0.9757087087815657
3.6264,wrist_yaw,4.076036894529807e-07,0.0
3.6628,shoulder_yaw,0.2608333196030891,0.2899072981264723
3.6628,shoulder_pitch,0.057779667727259586,0.10932054047921197
3.6628,elbow_pitch,0.6833225141368316,0.9693083644066661
3.6628,wrist_yaw,2.870369626401577e-07,0.0
3.7015,shoulder_yaw,0.25952680372723225,0.2883369612901973
3.7015,shoulder_pitch,0.05644931431399197,0.10467743609240271
3.7015,elbow_pitch,0.6785814634130587,0.9623462327247984
3.7015,wrist_yaw,4.3065757504029056e-07,0.0
3.7401,shoulder_yaw,0.2581155783189087,0.28668397496168924
3.7401,shoulder_pitch,0.05507253258887446,0.10003327781382608
3.7401,elbow_pitch,0.6738634522415832,0.955543983299102
3.7401,wrist_yaw,4.872135567811557e-07,0.0
3.7786,shoulder_yaw,0.2565974864009773,0.28492677637339636
3.7786,shoulder_pitch,0.05364989604567698,0.09532299031669558
3.7786,elbow_pitch,0.6691724190711896,0.9488052540198413
3.7786,wrist_yaw,5.012894505673714e-07,0.0
3.8174,shoulder_yaw,0.2549756697761141,0.2830638440279983
3.8174,shoulder_pitch,0.052186498018767985,0.09054368074172527
3.8174,elbow_pitch,0.6645142559607349,0.9421287453472459
3.8174,wrist_yaw,4.923087261458479e-07,0.0
3.8539,shoulder_yaw,0.2532874201146065,0.2812062908249073
3.8539,shoulder_pitch,0.05073126730919094,0.08596560134631462
3.8539,elbow_pitch,0.6599304312907891,0.935882035393632
3.8539,wrist_yaw,3.3286502899379825e-07,0.0
3.8916,shoulder_yaw,0.25152686659694556,0.27918170504643924
3.8916,shoulder_pitch,0.04926460625292564,0.08115977566777566
3.8916,elbow_pitch,0.655418838710037,0.929478024233879
3.8916,wrist_yaw,3.5928416992203645e-07,0.0
3.9256,shoulder_yaw,0.24974897626493772,0.2772789177919864
3.9256,shoulder_pitch,0.04785187863691327,0.07679618167791781
3.9256,elbow_pitch,0.6510406938548019,0.9237971720829246
3.9256,wrist_yaw,1.1899978502441348e-07,0.0
3.9642,shoulder_yaw,0.24788325110927967,0.27500091464283416
3.9642,shoulder_pitch,0.04639189240290646,0.0717438509698846
3.9642,elbow_pitch,0.6467403732685177,0.9173764152063517
3.9642,wrist_yaw,4.299417131851746e-07,0.0
4.0028,shoulder_yaw,0.2458945274670821,0.2726405965015304
4.0028,shoulder_pitch,0.04485783018812833,0.0666838544207796
4.0028,elbow_pitch,0.6424955514032676,0.9111122679670366
4.0028,wrist_yaw,5.959788136233673e-07,0.0
4.0413,shoulder_yaw,0.24377304712920786,0.2701768354804675
4.0413,shoulder_pitch,0.04325242572094557,0.061570697239378885
4.0413,elbow_pitch,0.6382974120243534,0.9049494179093127
4.0413,wrist_yaw,6.451919985271609e-07,0.0
4.0791,shoulder_yaw,0.2415420689470415,0.26766630490108956
4.0791,shoulder_pitch,0.04160755705222247,0.056519025209058306
4.0791,elbow_pitch,0.6341575575656633,0.8990240294340465
4.0791,wrist_yaw,5.450385116308951e-07,0.0
4.1141,shoulder_yaw,0.23928207437489574,0.26527458467229376
4.1141,shoulder_pitch,0.04000253565518711,0.05184093582045764
4.1141,elbow_pitch,0.6301300381630607,0.8936805290208037
4.1141,wrist_yaw,1.8164707019093716e-07,0.0
4.1502,shoulder_yaw,0.23699388723457962,0.26268545378627783
4.1502,shoulder_pitch,0.03842041506046342,0.046911397666857896
4.1502,elbow_pitch,0.6262135111779218,0.8881984604591496
4.1502,wrist_yaw,1.7385437864919047e-07,0.0
4.1891,shoulder_yaw,0.23461657039387224,0.2598405615338472
4.1891,shoulder_pitch,0.036801514811691145,0.041642492707269024
4.1891,elbow_pitch,0.6223717046202527,0.8825069293176139
4.1891,wrist_yaw,4.552389512026478e-07,0.0
4.2234,shoulder_yaw,0.23219799497294352,0.25720177431060026
4.2234,shoulder_pitch,0.03520479923430191,0.03688217529346568
4.2234,elbow_pitch,0.6186446363965604,0.8775136042288489
4.2234,wrist_yaw,2.4079770601645894e-07,0.0
4.2609,shoulder_yaw,0.22969779908287818,0.25426213586660074
4.2609,shoulder_pitch,0.03358991583395793,0.031711632195110216
4.2609,elbow_pitch,0.6150102932033064,0.8722498702936843
4.2609,wrist_yaw,4.2352432248335007e-07,0.0
4.2995,shoulder_yaw,0.22706930342982581,0.2511449785932487
4.2995,shoulder_pitch,0.030973279164724664,0.026370036181163067
4.2995,elbow_pitch,0.6111804290972207,0.8669869508961553
4.2995,wrist_yaw,6.458608626971505e-07,0.0
4.3374,shoulder_yaw,0.22431379474631588,0.24799306655127676
4.3374,shoulder_pitch,0.02685734058080584,0.02110588301362925
4.3374,elbow_pitch,0.607084836687498,0.8619746589995065
4.3374,wrist_yaw,6.572272908089262e-07,0.0
4.376,shoulder_yaw,0.22142825766210467,0.24468283989771777
4.376,shoulder_pitch,0.02126654805157518,0.015715262603292444
4.376,elbow_pitch,0.6028372816152352,0.8570219744105112
4.376,wrist_yaw,6.92820914261336e-07,0.0
4.4139,shoulder_yaw,0.21844578016341717,0.2413601585369129
4.4139,shoulder_pitch,0.014665403102532571,0.010437095818806984
4.4139,elbow_pitch,0.5986842889288017,0.8523500617642891
4.4139,wrist_yaw,5.595976498810163e-07,0.0
4.4524,shoulder_yaw,0.21537231812123084,0.23787092919594768
4.4524,shoulder_pitch,0.007645844635153706,0.005028468125390949
4.4524,elbow_pitch,0.5948603206406168,0.8477461042121537
4.4524,wrist_yaw,5.438843451434787e-07,0.0
4.4909,shoulder_yaw,0.21221908443484933,0.23430790633667264
4.4909,shoulder_pitch,0.0007685581535131119,-0.00036127865587473975
4.4909,elbow_pitch,0.59153369839965,0.8433445136150908
4.4909,wrist_yaw,4.96377708137468e-07,0.0
4.5295,shoulder_yaw,0.20899315876444535,0.23065411828446536
4.5295,shoulder_pitch,-0.005591836774826487,-0.00575650177166925
4.5295,elbow_pitch,0.5887591451796402,0.8391266219589533
4.5295,wrist_yaw,4.5895215179381586e-07,0.0
4.5683,shoulder_yaw,0.20569697179684543,0.22690938313360637
4.5683,shoulder_pitch,-0.011302100781648831,-0.01115506666761691
4.5683,elbow_pitch,0.5864774868098058,0.8350968024487905
4.5683,wrist_yaw,4.3899467172999787e-07,0.0
4.6057,shoulder_yaw,0.2023527487373266,0.22317707938818218
4.6057,shoulder_pitch,-0.01640520648260996,-0.016410599230948977
4.6057,elbow_pitch,0.5845650755705187,0.8313594364252134
4.6057,wrist_yaw,3.2098302034847836e-07,0.0
4.6443,shoulder_yaw,0.1989484680271481,0.21927438968117727
4.6443,shoulder_pitch,-0.02113362609777861,-0.021779009683816884
4.6443,elbow_pitch,0.5828408800242361,0.8277337716351171
4.6443,wrist_yaw,3.699168314698869e-07,0.0
4.6799,shoulder_yaw,0.19553812480852356,0.21558857853624064
4.6799,shoulder_pitch,-0.025652800306865193,-0.02673525178835417
4.6799,elbow_pitch,0.5811849977038221,0.8245614929040969
4.6799,wrist_yaw,1.0056894346491592e-07,0.0
4.7138,shoulder_yaw,0.19218524461043812,0.2120308312411579
4.7138,shoulder_pitch,-0.030071621568019517,-0.03141879126005361
4.7138,elbow_pitch,0.579528233406094,0.8217208077540389
4.7138,wrist_yaw,-2.2086842201369325e-07,0.0
4.7525,shoulder_yaw,0.1887955900661727,0.207893334182599
4.7525,shoulder_pitch,-0.032338576923838354,-0.036746327238683076
4.7525,elbow_pitch,0.5784096181131769,0.8186784813223302
4.7525,wrist_yaw,2.417005360484216e-07,0.0
4.7873,shoulder_yaw,0.18538475692449843,0.20408543190886938
4.7873,shoulder_pitch,-0.03361629846774332,-0.041540475861108
4.7873,elbow_pitch,0.5773530618565202,0.8161160783163187
4.7873,wrist_yaw,1.443695787661114e-07,0.0
4.8259,shoulder_yaw,0.18187037321807503,0.19980538910839254
4.8259,shoulder_pitch,-0.03457670221734677,-0.04680903038526546
4.8259,elbow_pitch,0.5760932742287012,0.813495937426012
4.8259,wrist_yaw,5.409336735851422e-07,0.0
4.8617,shoulder_yaw,0.17826751729734797,0.19575984601500554
4.8617,shoulder_pitch,-0.03547026038577705,-0.051676224819498975
4.8617,elbow_pitch,0.5745703739645392,0.811261867812979
4.8617,wrist_yaw,4.709192659316879e-07,0.0
4.9002,shoulder_yaw,0.17453152156975243,0.1913436403428471
4.9002,shoulder_pitch,-0.03640183823467805,-0.05686861109544594
4.9002,elbow_pitch,0.5728020497326511,0.8090810491232616
4.9002,wrist_yaw,6.945246037855385e-07,0.0
4.9355,shoulder_yaw,0.17072464995218742,0.187237165841206
4.9355,shoulder_pitch,-0.037336250552793555,-0.061587316778752066
4.9355,elbow_pitch,0.5708870861716803,0.8072853329823826
4.9355,wrist_yaw,3.905863296448168e-07,0.0
4.9741,shoulder_yaw,0.16681645838281003,0.1826850031664387
4.9741,shoulder_pitch,-0.03827752685775385,-0.06669862349541193
4.9741,elbow_pitch,0.5689123461163741,0.8055460120873452
4.9741,wrist_yaw,5.412716216270732e-07,0.0
5.0128,shoulder_yaw,0.16279400267042968,0.17806014548196347
5.0128,shoulder_pitch,-0.03921818606545033,-0.07176660551013823
5.0128,elbow_pitch,0.5669720869355013,0.8040392625879413
5.0128,wrist_yaw,6.122243656118158e-07,0.0
5.051,shoulder_yaw,0.1586673123511748,0.17340108290451892
5.051,shoulder_pitch,-0.040155656589554084,-0.07674835699844658
5.051,elbow_pitch,0.5651545160138083,0.8027766561361479
5.051,wrist_yaw,5.630230873132152e-07,0.0
5.0889,shoulder_yaw,0.15446382301087097,0.1687287106171475
5.0889,shoulder_pitch,-0.04109801812576034,-0.08162298356270352
5.0889,elbow_pitch,0.563533555583217,0.801758326957047
5.0889,wrist_yaw,4.2366454337530975e-07,0.0
5.1274,shoulder_yaw,0.1501926762057345,0.16391919784435696
5.1274,shoulder_pitch,-0.042071509695686654,-0.08651697388814611
5.1274,elbow_pitch,0.5621613381828481,0.8009601031524988
5.1274,wrist_yaw,3.748373869932385e-07,0.0
5.1659,shoulder_yaw,0.1458637590412478,0.15905219189851538
5.1659,shoulder_pitch,-0.04310204081763633,-0.09134477290044477
5.1659,elbow_pitch,0.561073863996975,0.8004014733481495
5.1659,wrist_yaw,3.232019322084369e-07,0.0
5.2046,shoulder_yaw,0.14148437936556646,0.15412219359509446
5.2046,shoulder_pitch,-0.0442118541849552,-0.09611008991537816
5.2046,elbow_pitch,0.5602916291184529,0.8000823211046095
5.2046,wrist_yaw,2.8365994545499915e-07,0.0
5.2394,shoulder_yaw,0.1371504558223832,0.1496102222857303
5.2394,shoulder_pitch,-0.04539241321384674,-0.10036341460088403
5.2394,elbow_pitch,0.5598281130635466,0.8000007286171311
5.2394,wrist_yaw,-2.0523700783074432e-07,0.0
5.2758,shoulder_yaw,0.13287192104097323,0.14484628069695654
5.2758,shoulder_pitch,-0.04665837016493176,-0.10474447464874573
5.2758,elbow_pitch,0.5596726919479718,0.8001260553623637
5.2758,wrist_yaw,-2.6473394220163415e-07,0.0
5.3102,shoulder_yaw,0.12868741736548742,0.14031420896445745
5.3102,shoulder_pitch,-0.04800414091281078,-0.1088094621066122
5.3102,elbow_pitch,0.5598069325398266,0.8004409054186915
5.3102,wrist_yaw,-4.6212902028540327e-07,0.0
5.3488,shoulder_yaw,0.12448912513737642,0.1351686913050691
5.3488,shoulder_pitch,-0.04944527723253966,-0.1133052003880219
5.3488,elbow_pitch,0.5602003559962193,0.8010225958485526
5.3488,wrist_yaw,8.071835198389505e-08,0.0
5.3825,shoulder_yaw,0.1203184010033179,0.1306390813155275
5.3825,shoulder_pitch,-0.05095252567173906,-0.11715931298371329
5.3825,elbow_pitch,0.5608251823876423,0.8017262630288393
5.3825,wrist_yaw,-1.2404139583761883e-07,0.0
5.4212,shoulder_yaw,0.11606800042162153,0.12540327430687365
5.4212,shoulder_pitch,-0.052520952827295915,-0.12149540884036254
5.4212,elbow_pitch,0.5616508192969667,0.8027565338929944
5.4212,wrist_yaw,4.1399415090951363e-07,0.0
5.4598,shoulder_yaw,0.11166433808559789,0.12009575962938765
5.4598,shoulder_pitch,-0.0541310656995727,-0.12576262569948304
5.4598,elbow_pitch,0.562653126858756,0.8040313305298464
5.4598,wrist_yaw,7.947282148539944e-07,0.0
5.4986,shoulder_yaw,0.10708442332652375,0.1147735945077508
5.4986,shoulder_pitch,-0.05575665310131536,-0.12991375557438686
5.4986,elbow_pitch,0.5638122818021019,0.8055355513840213
5.4986,wrist_yaw,9.119992097412396e-07,0.0
5.5373,shoulder_yaw,0.10233704360450697,0.1093896552766212
5.5373,shoulder_pitch,-0.057372196192657925,-0.13398447037648417
5.5373,elbow_pitch,0.5651123362689524,0.8072805272547907
5.5373,wrist_yaw,8.650803253492428e-07,0.0
5.576,shoulder_yaw,0.09745244502632743,0.10394809538042718
5.576,shoulder_pitch,-0.05895550623980914,-0.13796889586572805
5.576,elbow_pitch,0.5665411665461465,0.8092656381681612
5.576,wrist_yaw,7.080936106765853e-07,0.0
5.6125,shoulder_yaw,0.09253672523768902,0.09881522750582356
5.6125,shoulder_pitch,-0.06048759949102197,-0.141608930364947
5.6125,elbow_pitch,0.5680816677953916,0.8113363289679149
5.6125,wrist_yaw,1.639157548176805e-07,0.0
5.6512,shoulder_yaw,0.08760278397841952,0.09329689626813495
5.6512,shoulder_pitch,-0.06195540493652896,-0.14539541241245468
5.6512,elbow_pitch,0.5697299984525592,0.8137710274658481
5.6512,wrist_yaw,9.050493348746081e-08,0.0
5.6876,shoulder_yaw,0.08272060886415665,0.08809533494334307
5.6876,shoulder_pitch,-0.06335228279946298,-0.14884520176455057
5.6876,elbow_pitch,0.571474878111376,0.8162582886479548
5.6876,wrist_yaw,-2.661491410760124e-07,0.0
5.7264,shoulder_yaw,0.07786212286003619,0.08251497272806906
5.7264,shoulder_pitch,-0.06467139840701902,-0.15241849827005102
5.7264,elbow_pitch,0.5733215466404898,0.8191283636385129
5.7264,wrist_yaw,-1.2911172038441504e-07,0.0
5.7651,shoulder_yaw,0.07299706434292597,0.07690835304644791
5.7651,shoulder_pitch,-0.06591155858395399,-0.1558764318717944
5.7651,elbow_pitch,0.57527698689015,0.8222162966297133
5.7651,wrist_yaw,2.623637391739043e-08,0.0
5.8037,shoulder_yaw,0.06810315035432421,0.07129176352921072
5.8037,shoulder_pitch,-0.0670762504007075,-0.15920854504584744
5.8037,elbow_pitch,0.5773485314790926,0.8255092527307467
5.8037,wrist_yaw,1.3804026898286482e-07,0.0
5.8423,shoulder_yaw,0.06316747668705397,0.06566084498704543
5.8423,shoulder_pitch,-0.06817193410441794,-0.1624173217727807
5.8423,elbow_pitch,0.5795435406122407,0.8290053968853575
5.8423,wrist_yaw,2.0126850161716625e-07,0.0
5.881,shoulder_yaw,0.0581830759237702,0.059996376885907955
5.881,shoulder_pitch,-0.06920617842267922,-0.16551267657347865
5.881,elbow_pitch,0.5818698173991101,0.8327135780668854
5.881,wrist_yaw,2.3380421313008443e-07,0.0
5.9197,shoulder_yaw,0.05314872883635098,0.054298529155877316
5.9197,shoulder_pitch,-0.07018693472417314,-0.16849270332157892
5.9197,elbow_pitch,0.5843349203959307,0.8366315915018074
5.9197,wrist_yaw,2.368939300161906e-07,0.0
5.9584,shoulder_yaw,0.048067554301367464,0.048566699290043265
5.9584,shoulder_pitch,-0.07112189839031181,-0.17135578077449481
5.9584,elbow_pitch,0.5869456168580095,0.8407577669417369
5.9584,wrist_yaw,2.1768592187239924e-07,0.0
5.9971,shoulder_yaw,0.042862438702356925,0.042845310065597234
5.9971,shoulder_pitch,-0.07201962251464002,-0.17407922018698477
5.9971,elbow_pitch,0.5897049025266533,0.8450559655608445
5.9971,wrist_yaw,6.052435294787397e-07,0.0
6.0358,shoulder_yaw,0.03714713260256343,0.03708081845216587
6.0358,shoulder_pitch,-0.0728855463559309,-0.1766875821736206
6.0358,elbow_pitch,0.5926157199570562,0.8495627134250839
6.0358,wrist_yaw,2.5625484572772232e-06,0.0
6.0744,shoulder_yaw,0.031337384666002346,0.03132269769769697
6.0744,shoulder_pitch,-0.07372493823136363,-0.17915730522486933
6.0744,elbow_pitch,0.5956773373761336,0.8542358819676225
6.0744,wrist_yaw,4.704120173900731e-07,0.0
6.113,shoulder_yaw,0.025555571744840855,0.02555587886379514
6.113,shoulder_pitch,-0.07454126684530508,-0.1814947877685642
6.113,elbow_pitch,0.5988868225778169,0.859082757606873
6.113,wrist_yaw,-1.8816112122880073e-07,0.0
6.1515,shoulder_yaw,0.01979206713697895,0.019790736219248328
6.1515,shoulder_pitch,-0.07533639328197517,-0.18369549063270849
6.1515,elbow_pitch,0.6022388258143169,0.8640899745336054
6.1515,wrist_yaw,-1.377230784319172e-07,0.0
6.1886,shoulder_yaw,0.014261591606006208,0.01428741544948433
6.1886,shoulder_pitch,-0.07612413329013164,-0.18566912696717042
6.1886,elbow_pitch,0.6057078063956742,0.8690161951571863
6.1886,wrist_yaw,-1.2180324589435253e-06,0.0
6.2276,shoulder_yaw,0.008472906219100356,0.008435374799205489
6.2276,shoulder_pitch,-0.07688286614452024,-0.18763131875700845
6.2276,elbow_pitch,0.6093006271265649,0.8744067079733981
6.2276,wrist_yaw,1.242108000966808e-06,0.0
6.2663,shoulder_yaw,0.0026165898558542363,0.0026029713169672883
6.2663,shoulder_pitch,-0.07760374900288083,-0.189446540645266
6.2663,elbow_pitch,0.6130165394860917,0.8799303400522146
6.2663,wrist_yaw,3.1275137209815036e-07,0.0
6.3049,shoulder_yaw,-0.0031948284237847215,-0.003194297988879149
6.3049,shoulder_pitch,-0.07828575583450934,-0.19111143887864107
6.3049,elbow_pitch,0.6168485131251433,0.8855654990303373
6.3049,wrist_yaw,-2.808969107584761e-07,0.0
6.3436,shoulder_yaw,-0.008980347020365348,-0.008982688911251145
6.3436,shoulder_pitch,-0.07892859201512296,-0.19263453437735747
6.3436,elbow_pitch,0.6207881257975791,0.8913313566747308
6.3436,wrist_yaw,-1.8946203246128778e-07,0.0
6.3809,shoulder_yaw,-0.01459653522752431,-0.014580204461627852
6.3809,shoulder_pitch,-0.07954405043807826,-0.19397439952895154
6.3809,elbow_pitch,0.6248113676828313,0.8970351162330412
6.3809,wrist_yaw,-9.037196323003065e-07,0.0
6.4188,shoulder_yaw,-0.02025597871792582,-0.02026808419330565
6.4188,shoulder_pitch,-0.0801234822774114,-0.19520116776140925
6.4188,elbow_pitch,0.6289099791738316,0.9029555505518561
6.4188,wrist_yaw,1.4830971331320766e-07,0.0
6.456,shoulder_yaw,-0.02583429719899711,-0.025830043396498848
6.456,shoulder_pitch,-0.08066770213263769,-0.19626861095655818
6.456,elbow_pitch,0.6330667404896982,0.9088621915852954
6.456,wrist_yaw,-4.570908585179858e-07,0.0
6.4938,shoulder_yaw,-0.03146346759383938,-0.03147732123868583
6.4938,shoulder_pitch,-0.08116316772642491,-0.19721776756745302
6.4938,elbow_pitch,0.6372789589915362,0.9149738495587745
6.4938,wrist_yaw,1.845336429665852e-07,0.0
6.5324,shoulder_yaw,-0.03646489397270684,-0.03721842015730265
6.5324,shoulder_pitch,-0.08159319425358656,-0.19804251123221023
6.5324,elbow_pitch,0.6415538029179146,0.92130082359757
6.5324,wrist_yaw,-3.1679046998580774e-06,0.0
6.571,shoulder_yaw,-0.041038014277106544,-0.04296797069963774
6.571,shoulder_pitch,-0.08195229463892621,-0.19872558327749396
6.571,elbow_pitch,0.6458958190926364,0.9277475835272819
6.571,wrist_yaw,-2.213273537954384e-06,0.0
6.6067,shoulder_yaw,-0.04532910586302458,-0.048231596308359596
6.6067,shoulder_pitch,-0.08228372054563658,-0.19922438675802767
6.6067,elbow_pitch,0.6502603171684175,0.933742547729342
6.6067,wrist_yaw,-1.4537528645582596e-06,0.0
6.6453,shoulder_yaw,-0.049595626478703095,-0.05395878206431099
6.6453,shoulder_pitch,-0.08255164901921787,-0.1996283350410026
6.6453,elbow_pitch,0.6546701539120109,0.9403622851603156
6.6453,wrist_yaw,-1.790829162982325e-07,0.0
6.684,shoulder_yaw,-0.05402046173838326,-0.05965046878739725
6.684,shoulder_pitch,-0.08274681421958112,-0.19988493569932902
6.684,elbow_pitch,0.6591361314309181,0.9470365412277916
6.684,wrist_yaw,7.266186908262484e-07,0.0
6.7226,shoulder_yaw,-0.05869497492763278,-0.0653266923688905
6.7226,shoulder_pitch,-0.08287188557367227,-0.19999532256363442
6.7226,elbow_pitch,0.6636632944981947,0.9537829995138262
6.7226,wrist_yaw,1.1699414738676646e-06,0.0
6.7565,shoulder_yaw,-0.06347986134893618,-0.07027101124675696
6.7565,shoulder_pitch,-0.08300338084172212,-0.1999716170759846
6.7565,elbow_pitch,0.6681781015064805,0.9597295026650419
6.7565,wrist_yaw,4.815547891344602e-07,0.0
6.7951,shoulder_yaw,-0.06838793332294493,-0.07589143753929652
6.7951,shoulder_pitch,-0.08308301170679225,-0.19980738652304428
6.7951,elbow_pitch,0.6727157930520206,0.9665641737431869
6.7951,wrist_yaw,5.299452169808147e-07,0.0
6.833,shoulder_yaw,-0.07337238929165844,-0.08137453727170156
6.833,shoulder_pitch,-0.08310086988613545,-0.1995044962560646
6.833,elbow_pitch,0.677283746272069,0.9733045617276128
6.833,wrist_yaw,3.02569852234452e-07,0.0
6.8717,shoulder_yaw,-0.07840045865261831,-0.08694647351297542
6.8717,shoulder_pitch,-0.08304526361264869,-0.19905018023977405
6.8717,elbow_pitch,0.6818972803823624,0.9802232136778408
6.8717,wrist_yaw,1.3710497120839023e-07,0.0
6.9102,shoulder_yaw,-0.0834248239500063,-0.09245030170400835
6.9102,shoulder_pitch,-0.08292516954438142,-0.19845412005598623
6.9102,elbow_pitch,0.6865576376944683,0.9871211025245267
6.9102,wrist_yaw,-9.515671001441707e-08,0.0
6.9444,shoulder_yaw,-0.08827963155288344,-0.09731772002168056
6.9444,shoulder_pitch,-0.08281679021058602,-0.19780303082236572
6.9444,elbow_pitch,0.6911938137170013,0.9932705200405927
6.9444,wrist_yaw,-8.952415020754148e-07,0.0
6.983,shoulder_yaw,-0.09301836891414628,-0.10279405086013586
6.983,shoulder_pitch,-0.08266124115359612,-0.19692903451093186
6.983,elbow_pitch,0.6958408280942775,1.000240117652211
6.983,wrist_yaw,-6.419225260928616e-07,0.0
7.0217,shoulder_yaw,-0.09769410526337839,-0.10821112736938551
7.0217,shoulder_pitch,-0.08244071672882976,-0.19591449436119562
7.0217,elbow_pitch,0.7005133413011353,1.0071827904200608
7.0217,wrist_yaw,-3.7900920701123704e-07,0.0
7.0604,shoulder_yaw,-0.10235406129056712,-0.11360740409439182
7.0604,shoulder_pitch,-0.08215406789046084,-0.19475261987116663
7.0604,elbow_pitch,0.7052174801745015,1.0141419759879533
7.0604,wrist_yaw,-1.5294925943780657e-07,0.0
7.0991,shoulder_yaw,-0.10702355156272,-0.11895266521385822
7.0991,shoulder_pitch,-0.08181118451029193,-0.1934498673137779
7.0991,elbow_pitch,0.7099503438799238,1.0210730224284434
7.0991,wrist_yaw,-3.355319292036719e-08,0.0
7.1376,shoulder_yaw,-0.1117078418580467,-0.12425348600452119
7.1376,shoulder_pitch,-0.08142317620319742,-0.19200546539747199
7.1376,elbow_pitch,0.7147047451415663,1.0279785627348867
7.1376,wrist_yaw,-1.0884095918756356e-08,0.0
7.1723,shoulder_yaw,-0.11627667187378232,-0.1289649367235902
7.1723,shoulder_pitch,-0.08106328831509146,-0.19059142481065372
7.1723,elbow_pitch,0.7194058487762434,1.0341390934699528
7.1723,wrist_yaw,-6.256590125927257e-07,0.0
7.2111,shoulder_yaw,-0.12078006558471552,-0.13416976246897033
7.2111,shoulder_pitch,-0.0806728432768105,-0.18888357140862994
7.2111,elbow_pitch,0.7240782469697533,1.040965074505439
7.2111,wrist_yaw,-3.9393743972549036e-07,0.0
7.2497,shoulder_yaw,-0.12526280676123294,-0.13934691292700208
7.2497,shoulder_pitch,-0.08022374372214947,-0.1870294129531248
7.2497,elbow_pitch,0.7287351897800306,1.0477709732139615
7.2497,wrist_yaw,-1.7702373568190274e-07,0.0
7.2882,shoulder_yaw,-0.1297409401315788,-0.14443933032617493
7.2882,shoulder_pitch,-0.07971408315318342,-0.18505051711727247
7.2882,elbow_pitch,0.7333751188988086,1.0544760758463523
7.2882,wrist_yaw,-1.0177908363893556e-07,0.0
7.3267,shoulder_yaw,-0.13421392183767944,-0.14947726566136274
7.3267,shoulder_pitch,-0.07914859613750803,-0.18293737421398848
7.3267,elbow_pitch,0.737992146546243,1.0611145236121666
7.3267,wrist_yaw,-1.0575421511577603e-07,0.0
7.3643,shoulder_yaw,-0.13863958605994617,-0.1543278543057091
7.3643,shoulder_pitch,-0.07855022785702431,-0.18075268539928893
7.3643,elbow_pitch,0.7425619867615807,1.0675057848586618
7.3643,wrist_yaw,-3.0150654222273484e-07,0.0
7.4029,shoulder_yaw,-0.14302187295121613,-0.15926316813749875
7.4029,shoulder_pitch,-0.0779064121744287,-0.1783742816493855
7.4029,elbow_pitch,0.7470863927451112,1.0740029938435578
7.4029,wrist_yaw,-2.8424204651156287e-07,0.0
7.4414,shoulder_yaw,-0.1473588356200005,-0.16412950911753757
7.4414,shoulder_pitch,-0.07721486980371561,-0.17587083264532866
7.4414,elbow_pitch,0.7515615758096469,1.0803982355749115
7.4414,wrist_yaw,-2.907250247061629e-07,0.0
7.4801,shoulder_yaw,-0.15165099910520954,-0.16895268017221804
7.4801,shoulder_pitch,-0.07647423855147606,-0.17322955135457815
7.4801,elbow_pitch,0.7559841042055376,1.0867200385875462
7.4801,wrist_yaw,-2.873182101446893e-07,0.0
7.5188,shoulder_yaw,-0.15588970527835042,-0.17368744451295687
7.5188,shoulder_pitch,-0.07568990960141161,-0.1704765487144334
7.5188,elbow_pitch,0.7603451605603446,1.092903919929982
7.5188,wrist_yaw,-3.252834463769139e-07,0.0
7.5574,shoulder_yaw,-0.16008262619041658,-0.17841758246349948
7.5574,shoulder_pitch,-0.07485685281701564,-0.16756228865047496
7.5574,elbow_pitch,0.7646442442349709,1.0990538000560954
7.5574,wrist_yaw,-2.8930697459932094e-07,0.0
7.5947,shoulder_yaw,-0.16417921299740998,-0.18286608899178136
7.5947,shoulder_pitch,-0.07400520432043525,-0.16466665246699463
7.5947,elbow_pitch,0.7688501776998556,1.1048061660170574
7.5947,wrist_yaw,-5.145518652939895e-07,0.0
7.63,shoulder_yaw,-0.168106724591007,-0.18704202040604317
7.63,shoulder_pitch,-0.07316717519839167,-0.16180685117381058
7.63,elbow_pitch,0.7729196997016757,1.110173093790977
7.63,wrist_yaw,-8.388429607643009e-07,0.0
7.6688,shoulder_yaw,-0.17194753892148254,-0.19155384643654882
7.6688,shoulder_pitch,-0.0722805858397045,-0.15855708505022476
7.6688,elbow_pitch,0.776884139742862,1.115929701530256
7.6688,wrist_yaw,-4.658262091918927e-07,0.0
7.7077,shoulder_yaw,-0.17576465850304718,-0.19600802861404334
7.7077,shoulder_pitch,-0.07132056496846831,-0.15517936232653615
7.7077,elbow_pitch,0.7807610830006411,1.121563211400441
7.7077,wrist_yaw,-1.761486210507935e-07,0.0
7.7431,shoulder_yaw,-0.17948905393298376,-0.19999726717142138
7.7431,shoulder_pitch,-0.070340998587098,-0.15200531215452534
7.7431,elbow_pitch,0.784508070397164,1.1265608148489188
7.7431,wrist_yaw,-4.79619707808398e-07,0.0
7.7819,shoulder_yaw,-0.18317805663245798,-0.20428659015659636
7.7819,shoulder_pitch,-0.06930166926121348,-0.14842868903954776
7.7819,elbow_pitch,0.7881516601706385,1.131877061778098
7.7819,wrist_yaw,-2.2770886354219783e-07,0.0
7.8166,shoulder_yaw,-0.18674473449739912,-0.20804624194324967
7.8166,shoulder_pitch,-0.06825757061046858,-0.14514805577606535
7.8166,elbow_pitch,0.7916484179969046,1.1364820046912627
7.8166,wrist_yaw,-6.02887310987731e-07,0.0
7.8556,shoulder_yaw,-0.19027347266284791,-0.21221722341846158
7.8556,shoulder_pitch,-0.06714881744412794,-0.14134180811636574
7.8556,elbow_pitch,0.7950398853857835,1.141523566678435
7.8556,wrist_yaw,-2.340023839238024e-07,0.0
7.8942,shoulder_yaw,-0.1938088238131734,-0.21631123387786882
7.8942,shoulder_pitch,-0.06596119737503338,-0.1374269349375383
7.8942,elbow_pitch,0.7983463670537221,1.1463953307031662
7.8942,wrist_yaw,-3.2024702918553407e-08,0.0
7.9311,shoulder_yaw,-0.19729840752762925,-0.22010180349230687
7.9311,shoulder_pitch,-0.06473596812622105,-0.13363599939208792
7.9311,elbow_pitch,0.8015472976535959,1.150830380811765
7.9311,wrist_yaw,-2.5935542242858584e-07,0.0
7.9648,shoulder_yaw,-0.20062346557439786,-0.22350809755113918
7.9648,shoulder_pitch,-0.06353615510000818,-0.13008596233667197
7.9648,elbow_pitch,0.8045943225908435,1.1547471495010577
7.9648,wrist_yaw,-7.737445509917747e-07,0.0
8.0038,shoulder_yaw,-0.20387178502717618,-0.2273481454530438
8.0038,shoulder_pitch,-0.06229546790619967,-0.12591229455040098
8.0038,elbow_pitch,0.8075281478473703,1.159076567560433
8.0038,wrist_yaw,-3.931540607923542e-07,0.0
8.0428,shoulder_yaw,-0.2071020404095937,-0.23111780819501415
8.0428,shoulder_pitch,-0.06099196775593853,-0.12162809483292039
8.0428,elbow_pitch,0.8103689724414318,1.1632285224536176
8.0428,wrist_yaw,-1.3108499510554612e-07,0.0
8.0817,shoulder_yaw,-0.21032618237243667,-0.23477672598117355
8.0817,shoulder_pitch,-0.059633183151638396,-0.11728141930311786
8.0817,elbow_pitch,0.8131188614396486,1.1671554173378151
8.0817,wrist_yaw,-7.849599779025854e-08,0.0
8.1204,shoulder_yaw,-0.2135403288547062,-0.23838671960486532
8.1204,shoulder_pitch,-0.05822740007419848,-0.11279906315083676
8.1204,elbow_pitch,0.8157770695001675,1.1709194853043643
8.1204,wrist_yaw,-9.549182255744299e-08,0.0
8.1589,shoulder_yaw,-0.21670901779115673,-0.2418611268771251
8.1589,shoulder_pitch,-0.05679427185457659,-0.10829076853927269
8.1589,elbow_pitch,0.8183311597446977,1.1744275266217443
8.1589,wrist_yaw,-2.455297520208827e-07,0.0
8.1975,shoulder_yaw,-0.21979800546535014,-0.24523679604789467
8.1975,shoulder_pitch,-0.05534674772496899,-0.10371493966898815
8.1975,elbow_pitch,0.8207680077087833,1.1777165292974872
8.1975,wrist_yaw,-3.89449058560263e-07,0.0
8.2323,shoulder_yaw,-0.22268761827311492,-0.24815488473443367
8.2323,shoulder_pitch,-0.053944425494186835,-0.09959279329617195
8.2323,elbow_pitch,0.8230374482326284,1.1804550758756496
8.2323,wrist_yaw,-8.897571056789211e-07,0.0
8.271,shoulder_yaw,-0.22546030017493174,-0.25141876911769084
8.271,shoulder_pitch,-0.05252713562214008,-0.09478527577950868
8.271,elbow_pitch,0.825162463446171,1.1833910849868323
8.271,wrist_yaw,-5.409699266877178e-07,0.0
8.3096,shoulder_yaw,-0.2281593546619425,-0.25452723230315244
8.3096,shoulder_pitch,-0.051079111441877253,-0.08999802576590232
8.3096,elbow_pitch,0.8271450610249949,1.18604923359276
8.3096,wrist_yaw,-3.484696464699585e-07,0.0
8.3477,shoulder_yaw,-0.23079686624482507,-0.25750319807547206
8.3477,shoulder_pitch,-0.049601586266650115,-0.0852076129661013
8.3477,elbow_pitch,0.8289791280558001,1.1884536934273888
8.3477,wrist_yaw,-2.9479174899246877e-07,0.0
8.3863,shoulder_yaw,-0.2333845164290978,-0.2604262178324701
8.3863,shoulder_pitch,-0.04808984864131149,-0.08028728768757316
8.3863,elbow_pitch,0.8306631550400375,1.1906664487652319
8.3863,wrist_yaw,-2.439840233190614e-07,0.0
8.421,shoulder_yaw,-0.23583357425595122,-0.2629460907849463
8.421,shoulder_pitch,-0.0465906255391861,-0.07585884062109315
8.421,elbow_pitch,0.8321668221464048,1.1924422765282205
8.421,wrist_yaw,-6.080818030641004e-07,0.0
8.4555,shoulder_yaw,-0.23812053125565671,-0.26541430454506476
8.4555,shoulder_pitch,-0.04510600740307106,-0.07133799561811587
8.4555,elbow_pitch,0.8334844260578178,1.1940502758794298
8.4555,wrist_yaw,-7.041354472956705e-07,0.0
8.4933,shoulder_yaw,-0.24032027293895145,-0.2680181464822953
8.4933,shoulder_pitch,-0.043592593406905376,-0.06635318461585962
8.4933,elbow_pitch,0.8346379337221097,1.19558962273964
8.4933,wrist_yaw,-3.896365246474286e-07,0.0
8.5288,shoulder_yaw,-0.24243170074804102,-0.2703622077033471
8.5288,shoulder_pitch,-0.042059841373910105,-0.06165692318939865
8.5288,elbow_pitch,0.8356263375870647,1.1968211742661186
8.5288,wrist_yaw,-3.8677262908313837e-07,0.0
8.5678,shoulder_yaw,-0.24449806551113437,-0.2727640183599974
8.5678,shoulder_pitch,-0.040488972708254786,-0.05661687573173119
8.5678,elbow_pitch,0.8364634025444694,1.1979123940542111
8.5678,wrist_yaw,-2.0861133366780832e-07,0.0
8.6054,shoulder_yaw,-0.246533077183617,-0.2750737904732741
8.6054,shoulder_pitch,-0.038877860121979524,-0.0515265595168079
8.6054,elbow_pitch,0.8371554236520306,1.1987775463723587
8.6054,wrist_yaw,-1.487849545225199e-07,0.0
8.644,shoulder_yaw,-0.24856129953472467,-0.27740731655624223
8.644,shoulder_pitch,-0.03721482489574432,-0.04611001568636068
8.644,elbow_pitch,0.8377105710179413,1.199442057980658
8.644,wrist_yaw,-4.77140007613256e-08,0.0
8.6795,shoulder_yaw,-0.2504998772020924,-0.2793901744304629
8.6795,shoulder_pitch,-0.035542832040693126,-0.041261825554159
8.6795,elbow_pitch,0.8381149068680116,1.1998170681726008
8.6795,wrist_yaw,-3.8245404161608855e-07,0.0
8.7244,shoulder_yaw,-0.2523501701999427,-0.28144573749134905
8.7244,shoulder_pitch,-0.03381992459508542,-0.035963083830482016
8.7244,elbow_pitch,0.8383802666408202,1.1999935099024315
8.7244,wrist_yaw,-3.787084635480803e-07,0.0
8.7623,shoulder_yaw,-0.2541855229706316,-0.28365582715264365
8.7623,shoulder_pitch,-0.030740920052606223,-0.029906347369740988
8.7623,elbow_pitch,0.8388268901104041,1.199901282609041
8.7623,wrist_yaw,-7.803997098246854e-08,0.0
8.7981,shoulder_yaw,-0.25590790009525155,-0.28536269492210464
8.7981,shoulder_pitch,-0.026104071426515794,-0.024929475860231913
8.7981,elbow_pitch,0.8393954559935807,1.1995941054264865
8.7981,wrist_yaw,-4.810343405582241e-07,0.0
8.8368,shoulder_yaw,-0.25750793223790075,-0.2871078557334379
8.8368,shoulder_pitch,-0.020101076345911233,-0.019520976507871032
8.8368,elbow_pitch,0.8399080617812518,1.1990264763284244
8.8368,wrist_yaw,-5.33237806842731e-07,0.0
8.8755,shoulder_yaw,-0.25898487403897974,-0.28873020351692236
8.8755,shoulder_pitch,-0.013294357300996273,-0.014147233428181286
8.8755,elbow_pitch,0.8401204804512317,1.1982236942852993
8.8755,wrist_yaw,-5.375285921635082e-07,0.0
8.9098,shoulder_yaw,-0.26030137294379135,-0.2900876446958273
8.9098,shoulder_pitch,-0.0065111517651574675,-0.009342596082340613
8.9098,elbow_pitch,0.839798592250981,1.1973060270830003
8.9098,wrist_yaw,-6.810967042262873e-07,0.0
8.9478,shoulder_yaw,-0.2614989878550179,-0.29147277267213073
8.9478,shoulder_pitch,-0.0002070875946971645,-0.004087014205794473
8.9478,elbow_pitch,0.838886923736716,1.1960875119828844
8.9478,wrist_yaw,-5.075913712177594e-07,0.0
8.9845,shoulder_yaw,-0.26260647540444854,-0.2927400392399255
8.9845,shoulder_pitch,0.0054098863884079335,0.0011071069135843226
8.9845,elbow_pitch,0.8374526636146857,1.1946639036736078
8.9845,wrist_yaw,-3.811877070352156e-07,0.0
9.0233,shoulder_yaw,-0.2636558196062183,-0.2939580355712973
9.0233,shoulder_pitch,0.010468948116154023,0.006540449795005664
9.0233,elbow_pitch,0.8356674360614067,1.192942200271231
9.0233,wrist_yaw,-2.4718214380609157e-07,0.0
9.0598,shoulder_yaw,-0.26463003352042763,-0.2949970641087294
9.0598,shoulder_pitch,0.015121619983780287,0.011618198810188517
9.0598,elbow_pitch,0.8337022998120832,1.1911186479759392
9.0598,wrist_yaw,-3.060097703253656e-07,0.0
9.0944,shoulder_yaw,-0.26550133401520276,-0.2958914628233253
9.0944,shoulder_pitch,0.01951821138800654,0.016420301809171943
9.0944,elbow_pitch,0.8317041698757079,1.1892034448811575
9.0944,wrist_yaw,-4.10101125632489e-07,0.0
9.1315,shoulder_yaw,-0.2662848184184333,-0.2967681089866248
9.1315,shoulder_pitch,0.023985201372736093,0.021652445292049422
9.1315,elbow_pitch,0.829807984230332,1.1869055084751805
9.1315,wrist_yaw,-3.4958743714232797e-07,0.0
9.1697,shoulder_yaw,-0.2669901990668196,-0.29755103686989326
9.1697,shoulder_pitch,0.028763424955062792,0.026948287308162268
9.1697,elbow_pitch,0.8280689450125778,1.1843546504638243
9.1697,wrist_yaw,-3.097630708979766e-07,0.0
9.2085,shoulder_yaw,-0.26762002583961214,-0.2982376947328059
9.2085,shoulder_pitch,0.03130835118656091,0.03232496062491518
9.2085,elbow_pitch,0.8257936240838817,1.1815322788808365
9.2085,wrist_yaw,-2.994665842567903e-07,0.0
9.2478,shoulder_yaw,-0.26816920984630377,-0.2988152588916861
9.2478,shoulder_pitch,0.032764191785773514,0.037712298125490734
9.2478,elbow_pitch,0.8234008436274005,1.1784677588905847
9.2478,wrist_yaw,-3.102134317807775e-07,0.0
9.2867,shoulder_yaw,-0.26862744591503745,-0.2992786776046027
9.2867,shoulder_pitch,0.033778364508479174,0.04307111318653704
9.2867,elbow_pitch,0.8210926566739616,1.1751826020188891
9.2867,wrist_yaw,-3.4709033194728173e-07,0.0
9.3221,shoulder_yaw,-0.2689737484028784,-0.29959040421135624
9.3221,shoulder_pitch,0.03466807041610722,0.04773345257729177
9.3221,elbow_pitch,0.8189538308370149,1.1721303671662469
9.3221,wrist_yaw,-4.279326927001258e-07,0.0
9.3605,shoulder_yaw,-0.26921748352138275,-0.2998419560571516
9.3605,shoulder_pitch,0.03555950539836331,0.05309832594261093
9.3605,elbow_pitch,0.816934757999507,1.1683922097304977
9.3605,wrist_yaw,-3.9409232722822956e-07,0.0
9.3971,shoulder_yaw,-0.2693611119091761,-0.299969843986734
9.3971,shoulder_pitch,0.03649394415722914,0.058015667568328426
9.3971,elbow_pitch,0.814969320541064,1.164750688401019
9.3971,wrist_yaw,-3.8498753011659546e-07,0.0
9.4334,shoulder_yaw,-0.2694099359145088,-0.2999978203383471
9.4334,shoulder_pitch,0.03747730433543347,0.06281762494469827
9.4334,elbow_pitch,0.8129822103543667,1.160992973752457
9.4334,wrist_yaw,-3.657202867402655e-07,0.0
9.4728,shoulder_yaw,-0.2693663805292276,-0.2999176975561185
9.4728,shoulder_pitch,0.03850387761632118,0.06800690139588335
9.4728,elbow_pitch,0.810874476480472,1.1567043694866321
9.4728,wrist_yaw,-3.5707460893511336e-07,0.0
9.5077,shoulder_yaw,-0.26923623862846235,-0.29974791585006566
9.5077,shoulder_pitch,0.03958687650883844,0.07261309973252025
9.5077,elbow_pitch,0.8086061049533132,1.1526957126675912
9.5077,wrist_yaw,-3.3563897894527003e-07,0.0
9.5457,shoulder_yaw,-0.2690151961774066,-0.2994568832155096
9.5457,shoulder_pitch,0.04072894236516787,0.07759141885060361
9.5457,elbow_pitch,0.8061203804395708,1.1481451780137353
9.5457,wrist_yaw,-3.5299056251315756e-07,0.0
9.582,shoulder_yaw,-0.268706957840278,-0.2990826310229102
9.582,shoulder_pitch,0.04194651418124062,0.08222213655221183
9.582,elbow_pitch,0.8034071189323346,1.1437044878684979
9.582,wrist_yaw,-3.401685566313883e-07,0.0
9.6167,shoulder_yaw,-0.26831982057458964,-0.29863035423833745
9.6167,shoulder_pitch,0.04325154268829662,0.08663073174059498
9.6167,elbow_pitch,0.8004829194262022,1.1392860879507045
9.6167,wrist_yaw,-3.0910757199386454e-07,0.0
9.6542,shoulder_yaw,-0.26784191703821447,-0.2980370828005764
9.6542,shoulder_pitch,0.04463204150019319,0.09136079733182828
9.6542,elbow_pitch,0.7973383849835254,1.1343331847149147
9.6542,wrist_yaw,-3.5608406695166727e-07,0.0
9.693,shoulder_yaw,-0.2672594624729242,-0.2973175769377897
9.693,shoulder_pitch,0.04607677970245467,0.09615114604871824
9.693,elbow_pitch,0.7939682777268581,1.1290866072841765
9.693,wrist_yaw,-4.11969554195366e-07,0.0
9.7319,shoulder_yaw,-0.26656624557732855,-0.2964836895129219
9.7319,shoulder_pitch,0.04757914690500245,0.10088578190082863
9.7319,elbow_pitch,0.7903807800796053,1.1236655937368862
9.7319,wrist_yaw,-4.3859374978566923e-07,0.0
9.7707,shoulder_yaw,-0.2657632792106084,-0.2955387066755869
9.7707,shoulder_pitch,0.049133024253313035,0.10554184810004635
9.7707,elbow_pitch,0.7865947546215973,1.1180980869565877
9.7707,wrist_yaw,-4.3702469068083163e-07,0.0
9.8095,shoulder_yaw,-0.26485501535865436,-0.2944825582099131
9.8095,shoulder_pitch,0.05072946864546775,0.11011899654215303
9.8095,elbow_pitch,0.7826348987829442,1.1123875691578886
9.8095,wrist_yaw,-4.219924838072177e-07,0.0
9.8485,shoulder_yaw,-0.2638462082854372,-0.2933154188825391
9.8485,shoulder_pitch,0.05235600703074026,0.11461496388843372
9.8485,elbow_pitch,0.7785281327199468,1.1065396825955773
9.8485,wrist_yaw,-4.05776431288729e-07,0.0
9.8856,shoulder_yaw,-0.2627642067327676,-0.2921144793659322
9.8856,shoulder_pitch,0.05401014189699088,0.11877410364437087
9.8856,elbow_pitch,0.7743291226829315,1.1009100878641487
9.8856,wrist_yaw,-3.0075715440834267e-07,0.0
9.9213,shoulder_yaw,-0.26162221922499296,-0.29082692125465043
9.9213,shoulder_pitch,0.05567377920905029,0.12282201123244468
9.9213,elbow_pitch,0.7700823171208457,1.09521889490017
9.9213,wrist_yaw,-2.4941886894875783e-07,0.0
9.9554,shoulder_yaw,-0.2604441642781894,-0.28952606439582146
9.9554,shoulder_pitch,0.0573334658301159,0.12656391996966654
9.9554,elbow_pitch,0.765845685698646,1.0897630607321778
9.9554,wrist_yaw,-1.5636514758321346e-07,0.0
9.9944,shoulder_yaw,-0.2591687243239719,-0.28794761750769626
9.9944,shoulder_pitch,0.05892860348749586,0.13072178387531694
9.9944,elbow_pitch,0.7615928784478002,1.0834699747694707
9.9944,wrist_yaw,-3.9936825368245415e-07,0.0
10.0332,shoulder_yaw,-0.25776177773565057,-0.2862544419997299
10.0332,shoulder_pitch,0.060433749597752454,0.13479803946296062
10.0332,elbow_pitch,0.7573047642857568,1.0770514402234805
10.0332,wrist_yaw,-5.409672131174742e-07,0.0
10.072,shoulder_yaw,-0.25622140488675665,-0.2844645147568242
10.072,shoulder_pitch,0.06184866195835371,0.13874937028016618
10.072,elbow_pitch,0.7529724898994101,1.0705797491746836
10.072,wrist_yaw,-5.526129686990762e-07,0.0
10.1115,shoulder_yaw,-0.25455319893691625,-0.2825453151208828
10.1115,shoulder_pitch,0.06317954787491349,0.14264340754014265
10.1115,elbow_pitch,0.7485838045909956,1.063945243929007
10.1115,wrist_yaw,-5.336148344561703e-07,0.0
10.1466,shoulder_yaw,-0.25283191499394797,-0.280712311544225
10.1466,shoulder_pitch,0.06446982444506005,0.146080398680006
10.1466,elbow_pitch,0.7441828115854473,1.0578631908478588
10.1466,wrist_yaw,-2.375468022440906e-07,0.0
10.1811,shoulder_yaw,-0.2511020709812117,-0.2788350536922338
10.1811,shoulder_pitch,0.06573655396975779,0.14935322930426104
10.1811,elbow_pitch,0.7398045975813798,1.0518605207846405
10.1811,wrist_yaw,-5.669873688520448e-08,0.0
10.2171,shoulder_yaw,-0.24934322260925643,-0.2768069948033781
10.2171,shoulder_pitch,0.06696334158476726,0.15264291399382765
10.2171,elbow_pitch,0.7354486035930997,1.0456042832713963
10.2171,wrist_yaw,-1.3904586771978537e-07,0.0
10.2548,shoulder_yaw,-0.24748744798610636,-0.27456300933203337
10.2548,shoulder_pitch,0.06811903893300846,0.15602102024287942
10.2548,elbow_pitch,0.7310794065071976,1.0389291477073381
10.2548,wrist_yaw,-4.1708703520548816e-07,0.0
10.291,shoulder_yaw,-0.2455647028114011,-0.2724220232471331
10.291,shoulder_pitch,0.06922892758073279,0.15901716755476278
10.291,elbow_pitch,0.7267207346321262,1.0327782043270917
10.291,wrist_yaw,-3.0122520870493903e-07,0.0
10.3287,shoulder_yaw,-0.24350548664089117,-0.2699301715582362
10.3287,shoulder_pitch,0.0702609199428257,0.1622566854499983
10.3287,elbow_pitch,0.7223230949272228,1.0258611618100264
10.3287,wrist_yaw,-5.83738812921213e-07,0.0
10.3657,shoulder_yaw,-0.2413305837573885,-0.26747095064749427
10.3657,shoulder_pitch,0.0712372498455007,0.165220345141222
10.3657,elbow_pitch,0.7178869869152045,1.0192668636435727
10.3657,wrist_yaw,-5.073072617083485e-07,0.0
10.4016,shoulder_yaw,-0.23907942607921875,-0.2649723566656577
10.4016,shoulder_pitch,0.07218183077232945,0.16801834445106867
10.4016,elbow_pitch,0.7134245915870111,1.0127829191364013
10.4016,wrist_yaw,-3.468360624870629e-07,0.0
10.4384,shoulder_yaw,-0.23676425729998127,-0.26235972640139404
10.4384,shoulder_pitch,0.0731013273161135,0.1707364146943085
10.4384,elbow_pitch,0.7089382217508495,1.0062173790833062
10.4384,wrist_yaw,-2.975719275652902e-07,0.0
10.4781,shoulder_yaw,-0.23432256699473158,-0.25945189056984563
10.4781,shoulder_pitch,0.07397074134774319,0.1735354657887702
10.4781,elbow_pitch,0.7043897473679145,0.9991479947095416
10.4781,wrist_yaw,-5.587122659241598e-07,0.0
10.5127,shoulder_yaw,-0.23183528323950525,-0.25677158149435453
10.5127,shoulder_pitch,0.07483796306806031,0.17592332971199898
10.5127,elbow_pitch,0.6998249272493853,0.9928380069559852
10.5127,wrist_yaw,-2.3082918407051262e-07,0.0
10.5506,shoulder_yaw,-0.22926125973535771,-0.2537657321070507
10.5506,shoulder_pitch,0.07568114100016188,0.17840094486757574
10.5506,elbow_pitch,0.6952270454874987,0.9859809250656139
10.5506,wrist_yaw,-3.983436611687575e-07,0.0
10.5864,shoulder_yaw,-0.2266528985146528,-0.25090442366926957
10.5864,shoulder_pitch,0.07652593421899483,0.18057853409276425
10.5864,elbow_pitch,0.6906339214285983,0.9796555586274248
10.5864,wrist_yaw,-1.8615437858061383e-07,0.0
10.6242,shoulder_yaw,-0.22396171369400844,-0.24775497266822408
10.6242,shoulder_pitch,0.077344658663588,0.18278758333930892
10.6242,elbow_pitch,0.6860332295458634,0.9729072296475472
10.6242,wrist_yaw,-3.870239953045186e-07,0.0
10.6631,shoulder_yaw,-0.22111441902683232,-0.24435860372813256
10.6631,shoulder_pitch,0.07810714365646641,0.18496622052312114
10.6631,elbow_pitch,0.6813957080237424,0.9658666542413539
10.6631,wrist_yaw,-7.02031799368228e-07,0.0
10.6987,shoulder_yaw,-0.2182052008943012,-0.2412215655461631
10.6987,shoulder_pitch,0.07885805560116711,0.18680475373610103
10.6987,elbow_pitch,0.676770340070558,0.9595700144002355
10.6987,wrist_yaw,-3.120263832056002e-07,0.0
10.7379,shoulder_yaw,-0.2151904766263816,-0.23770635292543724
10.7379,shoulder_pitch,0.07956934787554829,0.18868099323201099
10.7379,elbow_pitch,0.6721408219933608,0.9527373909980397
10.7379,wrist_yaw,-4.923135347689597e-07,0.0
10.7738,shoulder_yaw,-0.2121379240997317,-0.23437143844870253
10.7738,shoulder_pitch,0.08026714706142038,0.19029342825859333
10.7738,elbow_pitch,0.6675453967082408,0.9464626522003333
10.7738,wrist_yaw,-2.1206185282791256e-07,0.0
10.8111,shoulder_yaw,-0.20903298186547375,-0.2308259297196569
10.8111,shoulder_pitch,0.08093623187468407,0.19184056753660117
10.8111,elbow_pitch,0.6629885550900255,0.9400028847007069
10.8111,wrist_yaw,-2.707137574055103e-07,0.0
10.8456,shoulder_yaw,-0.205952544789854,-0.22750044044486017
10.8456,shoulder_pitch,0.0816015700911981,0.19314475539522707
10.8456,elbow_pitch,0.6585194282060253,0.9341334214373394
10.8456,wrist_yaw,5.554646206479308e-08,0.0
10.8807,shoulder_yaw,-0.20289434902301207,-0.22405793857881395
10.8807,shoulder_pitch,0.08224842797873487,0.19435378167084671
10.8807,elbow_pitch,0.6541574445569174,0.9282428733155422
10.8807,wrist_yaw,5.1903180433299085e-08,0.0
10.9197,shoulder_yaw,-0.1998041546622994,-0.22046625145541573
10.9197,shoulder_pitch,0.08284623648404607,0.19547078084209532
10.9197,elbow_pitch,0.6498999801553065,0.9222905998355778
10.9197,wrist_yaw,-1.8242355394874785e-07,0.0
10.9593,shoulder_yaw,-0.19642112281435056,-0.2160737957461807
10.9593,shoulder_pitch,0.08329590005617313,0.1966479843929747
10.9593,elbow_pitch,0.6456477931747466,0.9152695904742739
10.9593,wrist_yaw,-1.3156206911020748e-06,0.0
10.9979,shoulder_yaw,-0.19280852327830028,-0.2120293705725617
10.9979,shoulder_pitch,0.08364287663182225,0.19755881599313996
10.9979,elbow_pitch,0.6414101262703539,0.9090467353503184
10.9979,wrist_yaw,-1.0625207994367765e-06,0.0
11.0331,shoulder_yaw,-0.18914559986461757,-0.20820492479491973
11.0331,shoulder_pitch,0.08395531758656255,0.19827598719852632
11.0331,elbow_pitch,0.6372341294634477,0.9033679780282703
11.0331,wrist_yaw,-2.7865804885069985e-07,0.0
11.0711,shoulder_yaw,-0.1854651915863036,-0.2041092384336413
11.0711,shoulder_pitch,0.08423494770120034,0.19889672336978081
11.0711,elbow_pitch,0.6331224071259807,0.8975008523697644
11.0711,wrist_yaw,-1.2809054665954543e-07,0.0
11.1128,shoulder_yaw,-0.18171993460832203,-0.19977743744016507
11.1128,shoulder_pitch,0.0844652238585107,0.19939582803600975
11.1128,elbow_pitch,0.6290595144916217,0.891529175730347
11.1128,wrist_yaw,-3.388211006713973e-07,0.0
11.1516,shoulder_yaw,-0.17777934125854455,-0.19502285699658886
11.1516,shoulder_pitch,0.08461212794790147,0.1997669418720609
11.1516,elbow_pitch,0.6250036591541676,0.8852424655811628
11.1516,wrist_yaw,-9.190031358362619e-07,0.0
11.1905,shoulder_yaw,-0.17372104057569834,-0.19054712135776777
11.1905,shoulder_pitch,0.08472010857534837,0.19995582258462674
11.1905,elbow_pitch,0.6209804783036169,0.8795727282346678
11.1905,wrist_yaw,-5.878477569925939e-07,0.0
11.2316,shoulder_yaw,-0.16972860492620084,-0.18641129689991515
11.2316,shoulder_pitch,0.0848507594286551,0.19999856359089996
11.2316,elbow_pitch,0.6170527554657966,0.8745415722595642
11.2316,wrist_yaw,2.307084385269547e-07,0.0
11.2684,shoulder_yaw,-0.16562476977546162,-0.1814134911293129
11.2684,shoulder_pitch,0.08493493004263174,0.1998890377348025
11.2684,elbow_pitch,0.6131777236222224,0.8687212130560495
11.2684,wrist_yaw,-5.468948296853091e-07,0.0
11.303,shoulder_yaw,-0.16159636060760613,-0.17725227975459407
11.303,shoulder_pitch,0.08503767052066202,0.19966904384216164
11.303,elbow_pitch,0.6094265247960383,0.8640863107757696
11.303,wrist_yaw,2.708463256632926e-07,0.0
11.3422,shoulder_yaw,-0.15754117486017571,-0.17247868314483633
11.3422,shoulder_pitch,0.08511278414021299,0.199278722971789
11.3422,elbow_pitch,0.6057873714991873,0.8589998150267804
11.3422,wrist_yaw,-1.6844637054928699e-07,0.0
11.379,shoulder_yaw,-0.15353731961700254,-0.168134078988308
11.379,shoulder_pitch,0.08517988398132227,0.19880037293301925
11.379,elbow_pitch,0.6022999819841774,0.8545797732654167
11.379,wrist_yaw,1.7339628946460765e-07,0.0
11.4175,shoulder_yaw,-0.14944202611086896,-0.1632126748043654
11.4175,shoulder_pitch,0.08518481301926517,0.19812243556108552
11.4175,elbow_pitch,0.5989410935937881,0.8498085395015439
11.4175,wrist_yaw,-4.59663479307816e-07,0.0
11.4566,shoulder_yaw,-0.1451662265013645,-0.15815599474384462
11.4566,shoulder_pitch,0.0851024340545832,0.19728114416977538
11.4566,elbow_pitch,0.5956957525191533,0.8451612679736195
11.4566,wrist_yaw,-8.725387816490826e-07,0.0
11.4945,shoulder_yaw,-0.14078057420421872,-0.15330582651477428
11.4945,shoulder_pitch,0.08495372410363708,0.19634171003389006
11.4945,elbow_pitch,0.592580631989954,0.8409416142045171
11.4945,wrist_yaw,-5.573849153197311e-07,0.0
11.5301,shoulder_yaw,-0.13642395015878095,-0.14867264960107376
11.5301,shoulder_pitch,0.08476920193151528,0.19532754898302074
11.5301,elbow_pitch,0.5896251410721987,0.8371239503794629
11.5301,wrist_yaw,7.813051713279726e-08,0.0
11.566,shoulder_yaw,-0.1321460291626454,-0.14397685853875708
11.566,shoulder_pitch,0.08455045639693197,0.19418724705477158
11.566,elbow_pitch,0.5868408107943207,0.8334633941638889
11.566,wrist_yaw,3.1275896368117447e-07,0.0
11.6047,shoulder_yaw,-0.12781310426308565,-0.1388137027843149
11.6047,shoulder_pitch,0.08425841369042827,0.1928071891412593
11.6047,elbow_pitch,0.5842028746232643,0.8296767195754133
11.6047,wrist_yaw,-2.944795495973519e-07,0.0
11.6423,shoulder_yaw,-0.12344170322579363,-0.13390538350963915
11.6423,shoulder_pitch,0.08390478216505148,0.1913766699582812
11.6423,elbow_pitch,0.5817173923154687,0.8263042931281661
11.6423,wrist_yaw,-2.2717171309075067e-07,0.0
11.6826,shoulder_yaw,-0.11891977120073054,-0.12853150270206587
11.6826,shoulder_pitch,0.08346659546813094,0.18968232559909118
11.6826,elbow_pitch,0.5793619208479067,0.8228617446109118
11.6826,wrist_yaw,-7.358875178887964e-07,0.0
11.7179,shoulder_yaw,-0.1143728909999559,-0.12364479082759888
11.7179,shoulder_pitch,0.0829814190197855,0.188028963995304
11.7179,elbow_pitch,0.5771559164580818,0.8199542681085366
11.7179,wrist_yaw,-1.672290973761371e-07,0.0
11.7575,shoulder_yaw,-0.10971146265534584,-0.11816905277668915
11.7575,shoulder_pitch,0.08242821801655947,0.18605287912762303
11.7575,elbow_pitch,0.5750796512271831,0.8169446543590666
11.7575,wrist_yaw,-5.689306902854076e-07,0.0
11.7953,shoulder_yaw,-0.1049851586624179,-0.11291676154999998
11.7953,shoulder_pitch,0.08182437422522956,0.184038554645914
11.7953,elbow_pitch,0.5731383288578793,0.8143007093212139
11.7953,wrist_yaw,-3.4870930575232696e-07,0.0
11.8328,shoulder_yaw,-0.10025616256860263,-0.10770941756458291
11.8328,shoulder_pitch,0.08118521399917289,0.18192997464188798
11.8328,elbow_pitch,0.571339155599422,0.811910671824863
11.8328,wrist_yaw,-5.591591659040345e-08,0.0
11.8706,shoulder_yaw,-0.09554146124352149,-0.1024351693789486
11.8706,shoulder_pitch,0.08051463853164471,0.17968435361741053
11.8706,elbow_pitch,0.5696845124862139,0.8097213874264376
11.8706,wrist_yaw,2.6779830304629534e-08,0.0
11.9068,shoulder_yaw,-0.09089282754307616,-0.09732596744670977
11.9068,shoulder_pitch,0.07982368823584371,0.17740636714881894
11.9068,elbow_pitch,0.5681830450733564,0.8078197739780366
11.9068,wrist_yaw,2.685389982440834e-07,0.0
11.9462,shoulder_yaw,-0.08616640947536276,-0.09167778766436427
11.9462,shoulder_pitch,0.07908596971987514,0.1747737087982745
11.9462,elbow_pitch,0.5668207910134193,0.8059652660726633
11.9462,wrist_yaw,-3.944540733694171e-07,0.0
11.9857,shoulder_yaw,-0.08129073493896677,-0.08598078543251785
11.9857,shoulder_pitch,0.07829501870544128,0.17199991657773717
11.9857,elbow_pitch,0.565594320427674,0.8043548201208284
11.9857,wrist_yaw,-7.358839443877048e-07,0.0
12.025,shoulder_yaw,-0.07628374749734053,-0.08032350306815882
12.025,shoulder_pitch,0.07745761380620533,0.16913098942877802
12.025,elbow_pitch,0.5645086729794346,0.8030107667475023
12.025,wrist_yaw,-6.529839812045326e-07,0.0
12.0653,shoulder_yaw,-0.07116719084587113,-0.07455872624692488
12.0653,shoulder_pitch,0.07657676848147203,0.166093289931762
12.0653,elbow_pitch,0.5635686355590268,0.8018994887711669
12.0653,wrist_yaw,-5.485652416792754e-07,0.0
12.1029,shoulder_yaw,-0.06606153045805488,-0.06905696680014443
12.1029,shoulder_pitch,0.0756682502770446,0.1630893352905891
12.1029,elbow_pitch,0.5627865279828241,0.801079209691039
12.1029,wrist_yaw,1.591509232056875e-08,0.0
12.1418,shoulder_yaw,-0.06096104350775531,-0.06329794660811405
12.1418,shoulder_pitch,0.07472666255033536,0.15983791926316993
12.1418,elbow_pitch,0.5621653991299803,0.8004691006041712
12.1418,wrist_yaw,-2.386774421756406e-09,0.0
12.1812,shoulder_yaw,-0.0558730139416477,-0.05758400747779202
12.1812,shoulder_pitch,0.07375129630138855,0.15650637112932783
12.1812,elbow_pitch,0.5617102546902363,0.8001122302093127
12.1812,wrist_yaw,3.0633047651787504e-08,0.0
12.2177,shoulder_yaw,-0.05087811470670318,-0.05215926434767261
12.2177,shoulder_pitch,0.07275048622289619,0.15324836440794376
12.2177,elbow_pitch,0.5614280159323642,0.8000000155924538
12.2177,wrist_yaw,4.1215780305494086e-07,0.0
12.2565,shoulder_yaw,-0.04589475094167795,-0.04637548506011641
12.2565,shoulder_pitch,0.07171243987429679,0.14967501150417084
12.2565,elbow_pitch,0.561317630423068,0.8001209947501217
12.2565,wrist_yaw,3.6665161796056724e-08,0.0
12.2952,shoulder_yaw,-0.04072749840520878,-0.04068677477538168
12.2952,shoulder_pitch,0.07063462441677762,0.14606219684323524
12.2952,elbow_pitch,0.5613801513385933,0.8004798350270477
12.2952,wrist_yaw,-8.860772641234483e-07,0.0
12.3333,shoulder_yaw,-0.03512002818612332,-0.03501352391782521
12.3333,shoulder_pitch,0.06951619206422341,0.14236430163248132
12.3333,elbow_pitch,0.5616159095097205,0.8010722998281683
12.3333,wrist_yaw,-2.0993837115525e-06,0.0
12.3694,shoulder_yaw,-0.02958485107012582,-0.02961055927280767
12.3694,shoulder_pitch,0.06836322653032903,0.13875628559635797
12.3694,elbow_pitch,0.5620233625521135,0.8018523456693398
12.3694,wrist_yaw,3.0394341130587804e-07,0.0
12.4084,shoulder_yaw,-0.0238297342371966,-0.02378043637468592
12.4084,shoulder_pitch,0.06716774855742196,0.1347704857810142
12.4084,elbow_pitch,0.5625999022037772,0.8029281143419131
12.4084,wrist_yaw,-1.0342183072196632e-06,0.0
12.4464,shoulder_yaw,-0.01811532590385754,-0.018132459594467475
12.4464,shoulder_pitch,0.0659314755830089,0.13081941116779494
12.4464,elbow_pitch,0.5633431973277325,0.8041999508163827
12.4464,wrist_yaw,1.657436734292548e-07,0.0
12.4816,shoulder_yaw,-0.012729898392160184,-0.012819541157302241
12.4816,shoulder_pitch,0.0646616898181426,0.1270235999578682
12.4816,elbow_pitch,0.5642460701174297,0.8056009269852658
12.4816,wrist_yaw,1.5489089993083757e-06,0.0
12.5207,shoulder_yaw,-0.007040215721430139,-0.006969523391998342
12.5207,shoulder_pitch,0.06335452232579461,0.1227569773258324
12.5207,elbow_pitch,0.5653075370638874,0.8073710905571605
12.5207,wrist_yaw,-1.4241371631465726e-06,0.0
12.5562,shoulder_yaw,-0.0015649220844282758,-0.001624571487900528
12.5562,shoulder_pitch,0.062016394631972074,0.11878035184124036
12.5562,elbow_pitch,0.5665192517514819,0.8091953153285264
12.5562,wrist_yaw,9.80519525032513e-07,0.0
12.5939,shoulder_yaw,0.003953561206573687,0.003958878049961082
12.5939,shoulder_pitch,0.06064913969874853,0.11454779140760417
12.5939,elbow_pitch,0.5678772021175907,0.8113102948997633
12.5939,wrist_yaw,-1.8631555454166167e-07,0.0
12.6329,shoulder_yaw,0.009660990423061936,0.009702735358533724
12.6329,shoulder_pitch,0.05925410662567214,0.11011138039137912
12.6329,elbow_pitch,0.5693821400030785,0.8137076121244854
12.6329,wrist_yaw,-8.991248083245309e-07,0.0
12.6693,shoulder_yaw,0.015272433634311043,0.015243524547290341
12.6693,shoulder_pitch,0.05783379351780137,0.10575411726976465
12.6693,elbow_pitch,0.5710298148061737,0.816231556449533
12.6693,wrist_yaw,4.4538191097630196e-07,0.0
12.7053,shoulder_yaw,0.020747881430790763,0.020709534424193606
12.7053,shoulder_pitch,0.0563904466533193,0.10138213935535192
12.7053,elbow_pitch,0.5728141802619714,0.8189233945810872
12.7053,wrist_yaw,6.560011017681339e-07,0.0
12.7445,shoulder_yaw,0.02649804593908096,0.026561261216502277
12.7445,shoulder_pitch,0.054926288928822696,0.09662203554197672
12.7445,elbow_pitch,0.5747429516875965,0.822025962693896
12.7445,wrist_yaw,-1.283452564582427e-06,0.0
12.7832,shoulder_yaw,0.03228374901531966,0.03228819190044619
12.7832,shoulder_pitch,0.05344108966310368,0.09188502650830097
12.7832,elbow_pitch,0.576818520032952,0.8252819048428099
12.7832,wrist_yaw,-1.7707651538347268e-07,0.0
12.8223,shoulder_yaw,0.03714072624584366,0.038171066499731114
12.8223,shoulder_pitch,0.051934207394513446,0.0869395652514621
12.8223,elbow_pitch,0.5790487460516474,0.8288510901113529
12.8223,wrist_yaw,4.391455628934524e-06,0.0
12.8578,shoulder_yaw,0.041394710891939725,0.04346026886335454
12.8578,shoulder_pitch,0.05039860516422499,0.08242548267813762
12.8578,elbow_pitch,0.5814144841630071,0.8322531464892545
12.8578,wrist_yaw,2.902918671834174e-06,0.0
12.8955,shoulder_yaw,0.04549789923505458,0.04902271463497971
12.8955,shoulder_pitch,0.04883775875599162,0.07761008212783638
12.8955,elbow_pitch,0.5839134378056677,0.8360269352882748
12.8955,wrist_yaw,7.298509323913282e-07,0.0
12.9326,shoulder_yaw,0.04971378373781906,0.054400145249617185
12.9326,shoulder_pitch,0.04725314329385916,0.07288940368632994
12.9326,elbow_pitch,0.5865353401057042,0.8398650784462259
12.9326,wrist_yaw,-5.249757910653848e-07,0.0
12.9691,shoulder_yaw,0.054180301185222456,0.05983676640243286
12.9691,shoulder_pitch,0.04564973483059828,0.0680522784117287
12.9691,elbow_pitch,0.5892758408600811,0.8439341235726308
12.9691,wrist_yaw,-1.1727134792262964e-06,0.0
13.0047,shoulder_yaw,0.05885878868502273,0.0651047059684819
13.0047,shoulder_pitch,0.04402954265657632,0.06330422054755284
13.0047,elbow_pitch,0.5921232540929614,0.8480568583271493
13.0047,wrist_yaw,-9.880214071650306e-07,0.0
13.0403,shoulder_yaw,0.06365685981780575,0.07035277320068993
13.0403,shoulder_pitch,0.0423971018488772,0.05851514953774359
13.0403,elbow_pitch,0.5950688154664915,0.8523391886764456
13.0403,wrist_yaw,-5.456045505349675e-07,0.0
13.0757,shoulder_yaw,0.06845039027243788,0.0754766753010734
13.0757,shoulder_pitch,0.040755687425289705,0.053783363934848755
13.0757,elbow_pitch,0.5981001891573224,0.8566879855761073
13.0757,wrist_yaw,4.253367605873953e-08,0.0
13.1136,shoulder_yaw,0.07325618436701718,0.08093576016541183
13.1136,shoulder_pitch,0.03911825753398061,0.04868191782267032
13.1136,elbow_pitch,0.6012307709126511,0.8615027146146951
13.1136,wrist_yaw,-3.0558152041012254e-08,0.0
13.1528,shoulder_yaw,0.07813457975364707,0.08659621443645849
13.1528,shoulder_pitch,0.037492135464323145,0.043327623446212674
13.1528,elbow_pitch,0.6044842610333934,0.866691703660586
13.1528,wrist_yaw,-3.150265658001254e-07,0.0
13.1878,shoulder_yaw,0.08292865494359372,0.09161505944149599
13.1878,shoulder_pitch,0.03585601250316342,0.03852585162637209
13.1878,elbow_pitch,0.6078352665348291,0.8714591410688353
13.1878,wrist_yaw,4.179459077385918e-07,0.0
13.2224,shoulder_yaw,0.08754271638164017,0.09653322206563668
13.2224,shoulder_pitch,0.03420235411189112,0.0337714071713091
13.2224,elbow_pitch,0.611261223886029,0.8762821371479808
13.2224,wrist_yaw,8.749570574693904e-07,0.0
13.2609,shoulder_yaw,0.09212079407438108,0.10200234096074383
13.2609,shoulder_pitch,0.03196717959467341,0.028428044640045298
13.2609,elbow_pitch,0.6146263919569543,0.881820366211165
13.2609,wrist_yaw,2.0402998054892522e-07,0.0
13.2969,shoulder_yaw,0.09665327186105731,0.10706636578392482
13.2969,shoulder_pitch,0.02851140111020722,0.023428198961057283
13.2969,elbow_pitch,0.6177887147811051,0.8871118856896753
13.2969,wrist_yaw,2.2763659330898803e-07,0.0
13.336,shoulder_yaw,0.10123690112782756,0.11246398194599082
13.336,shoulder_pitch,0.023594233750691637,0.018044301527641294
13.336,elbow_pitch,0.6207929933685757,0.8929242723957045
13.336,wrist_yaw,-2.412788001145275e-07,0.0
13.3737,shoulder_yaw,0.1058793395777601,0.11772875041933717
13.3737,shoulder_pitch,0.017479808416744787,0.01273915854126995
13.3737,elbow_pitch,0.6238323567487581,0.8987641083592515
13.3737,wrist_yaw,-3.0895684562036844e-07,0.0
13.411,shoulder_yaw,0.11049425959772019,0.12271321205134808
13.411,shoulder_pitch,0.010777622326882308,0.007668088691198432
13.411,elbow_pitch,0.6271482802078623,0.904447511393107
13.411,wrist_yaw,7.65712729793905e-08,0.0
13.4507,shoulder_yaw,0.11513585078556436,0.12808199497644032
13.4507,shoulder_pitch,0.003971218927886503,0.0021539462424340254
13.4507,elbow_pitch,0.6309172286082784,0.9107364962308855
13.4507,wrist_yaw,-1.76479230395759e-07,0.0
13.4899,shoulder_yaw,0.11983742469316354,0.13348668868394492
13.4899,shoulder_pitch,-0.002574113321307002,-0.0034510425617029043
13.4899,elbow_pitch,0.6352236924120452,0.9172421271888513
13.4899,wrist_yaw,-3.328157633388527e-07,0.0
13.5296,shoulder_yaw,0.12458130668181955,0.13881046685382528
13.5296,shoulder_pitch,-0.008646163723868429,-0.009024477908989357
13.5296,elbow_pitch,0.6400498118623755,0.9238208752959076
13.5296,wrist_yaw,-2.3806148309169342e-07,0.0
13.5652,shoulder_yaw,0.12918145817885504,0.14347230088471014
13.5652,shoulder_pitch,-0.014016646509909114,-0.013947167856334442
13.5652,elbow_pitch,0.6452934745721866,0.929720055415091
13.5652,wrist_yaw,6.55229568896789e-07,0.0
13.6044,shoulder_yaw,0.1337014224171278,0.14870156561888306
13.6044,shoulder_pitch,-0.018918471125486575,-0.019515506403839894
13.6044,elbow_pitch,0.6507600533930883,0.936490465949256
13.6044,wrist_yaw,3.8442247570150557e-07,0.0
13.6399,shoulder_yaw,0.1380511818059389,0.15330373410302908
13.6399,shoulder_pitch,-0.023462578789117124,-0.024456354936213096
13.6399,elbow_pitch,0.6562584512044605,0.9425824811997185
13.6399,wrist_yaw,8.101915233770974e-07,0.0
13.6793,shoulder_yaw,0.14231074310374342,0.1582795982425536
13.6793,shoulder_pitch,-0.02797841184114781,-0.029840416073209045
13.6793,elbow_pitch,0.6616095303275129,0.9493092848616286
13.6793,wrist_yaw,4.4556381668979923e-07,0.0
13.7196,shoulder_yaw,0.1465945411179124,0.16341711694313524
13.7196,shoulder_pitch,-0.030812611244525258,-0.03544477589155178
13.7196,elbow_pitch,0.6672438576852153,0.9564068305657781
13.7196,wrist_yaw,-1.0112073050713637e-07,0.0
13.7586,shoulder_yaw,0.1509147206594027,0.16833918628957717
13.7586,shoulder_pitch,-0.03265283976265204,-0.04085695394768077
13.7586,elbow_pitch,0.672838775306135,0.9633512475392129
13.7586,wrist_yaw,-1.3279571098184703e-07,0.0
13.7978,shoulder_yaw,0.15524200102821029,0.1731455498439315
13.7978,shoulder_pitch,-0.03407074077681696,-0.04618199770304489
13.7978,elbow_pitch,0.6781644303324624,0.9702684090221819
13.7978,wrist_yaw,2.233085974932344e-08,0.0
13.8339,shoulder_yaw,0.1594480928598232,0.1775032611358755
13.8339,shoulder_pitch,-0.03535415076203635,-0.05104392270927366
13.8339,elbow_pitch,0.6831014625002069,0.9766556443299821
13.8339,wrist_yaw,6.252168448242699e-07,0.0
13.872,shoulder_yaw,0.16355599871188473,0.18215783679315153
13.872,shoulder_pitch,-0.036573950901599525,-0.0562724288315722
13.872,elbow_pitch,0.6876853248260137,0.983599211107322
13.872,wrist_yaw,5.177063767391746e-07,0.0
13.9106,shoulder_yaw,0.16757821114687796,0.18669050202745846
13.9106,shoulder_pitch,-0.03774308129857363,-0.06139882158336061
13.9106,elbow_pitch,0.6919909511972677,0.990480867184925
13.9106,wrist_yaw,4.486105865775483e-07,0.0
13.9452,shoulder_yaw,0.17142484299315533,0.19072533916322348
13.9452,shoulder_pitch,-0.038883661140082376,-0.0659908655121429
13.9452,elbow_pitch,0.6960606920647945,0.9967059798371856
13.9452,wrist_yaw,8.592493461708631e-07,0.0
13.9846,shoulder_yaw,0.1752004489451053,0.19522620981219274
13.9846,shoulder_pitch,-0.039960421574094275,-0.0711449449037555
13.9846,elbow_pitch,0.7000227684874019,1.0037601194651922
13.9846,wrist_yaw,3.7537545413693864e-07,0.0
14.0233,shoulder_yaw,0.17893729359145594,0.19950544875327694
14.0233,shoulder_pitch,-0.040989460209106425,-0.07607594701328284
14.0233,elbow_pitch,0.7039626193024083,1.0105741845369598
14.0233,wrist_yaw,2.168271061725754e-07,0.0
14.0592,shoulder_yaw,0.18262783728092002,0.20362819604341262
14.0592,shoulder_pitch,-0.042006605234889235,-0.08085473738956356
14.0592,elbow_pitch,0.7079368811416072,1.0172376918342958
14.0592,wrist_yaw,2.521272297156297e-07,0.0
14.0974,shoulder_yaw,0.186235054460803,0.20756748404134398
14.0974,shoulder_pitch,-0.043053832106423794,-0.08544647363019252
14.0974,elbow_pitch,0.711972981919822,1.0236948677484048
14.0974,wrist_yaw,4.229911493891419e-07,0.0
14.1372,shoulder_yaw,0.18986569566703712,0.21194178636105082
14.1372,shoulder_pitch,-0.04412600420380222,-0.09057438401740248
14.1372,elbow_pitch,0.7161549184444033,1.030968108648149
14.1372,wrist_yaw,-6.469145512933492e-08,0.0
14.1769,shoulder_yaw,0.1935454703803409,0.21617186612487674
14.1769,shoulder_pitch,-0.04525441507238156,-0.09556215938305929
14.1769,elbow_pitch,0.7205178377866905,1.038104364749979
14.1769,wrist_yaw,-1.8640720967048092e-07,0.0
14.2164,shoulder_yaw,0.19725138829978592,0.22029991555855508
14.2164,shoulder_pitch,-0.04647398081336416,-0.10045686698849883
14.2164,elbow_pitch,0.7250665252960997,1.0451657001466275
14.2164,wrist_yaw,-7.738816517135215e-08,0.0
14.255,shoulder_yaw,0.20090689440052234,0.22420710379203143
14.255,shoulder_pitch,-0.047818026097180714,-0.10511431647334223
14.255,elbow_pitch,0.7297672154799251,1.0519374646728292
14.255,wrist_yaw,2.7412774555156234e-07,0.0
14.2939,shoulder_yaw,0.20445574240371894,0.22802515089625208
14.2939,shoulder_pitch,-0.0492927452436223,-0.10968849280766357
14.2939,elbow_pitch,0.7345796137009107,1.0586374231510922
14.2939,wrist_yaw,5.314921544174194e-07,0.0
14.3294,shoulder_yaw,0.20779924833932198,0.2314680969920709
14.3294,shoulder_pitch,-0.05090470758302117,-0.11383264888312204
14.3294,elbow_pitch,0.7394192360461657,1.0647490763493408
14.3294,wrist_yaw,9.751976708638984e-07,0.0
14.3682,shoulder_yaw,0.21098409990318975,0.23511507612663454
14.3682,shoulder_pitch,-0.05259964096548031,-0.11824230826171943
14.3682,elbow_pitch,0.7442606414952079,1.071295081407775
14.3682,wrist_yaw,7.625051299142852e-07,0.0
14.4029,shoulder_yaw,0.21396832572618768,0.23829686339765388
14.4029,shoulder_pitch,-0.05436104260988682,-0.12210613761551159
14.4029,elbow_pitch,0.749019260145281,1.0770666283256243
14.4029,wrist_yaw,9.413357742810819e-07,0.0
14.442,shoulder_yaw,0.21686638093381608,0.24181619373136112
14.442,shoulder_pitch,-0.056113130371038385,-0.12639783605887706
14.442,elbow_pitch,0.7536974758361034,1.0835160113042106
14.442,wrist_yaw,4.25879417357056e-07,0.0
14.4811,shoulder_yaw,0.21974813240890148,0.24523056948424318
14.4811,shoulder_pitch,-0.057815322134652215,-0.13057949265414395
14.4811,elbow_pitch,0.7582871540591617,1.0898387375241987
14.4811,wrist_yaw,1.0408434541183535e-07,0.0
14.5205,shoulder_yaw,0.22261272667336413,0.2484502342400856
14.5205,shoulder_pitch,-0.059455217256226135,-0.13453879067276492
14.5205,elbow_pitch,0.7627621894137928,1.095860039357879
14.5205,wrist_yaw,1.0647647437262842e-07,0.0
14.5573,shoulder_yaw,0.22545131728714368,0.2516178264783463
14.5573,shoulder_pitch,-0.061019169979008185,-0.1384492362582366
14.5573,elbow_pitch,0.7671106166633166,1.1018398716639206
14.5573,wrist_yaw,1.468874277826992e-07,0.0
14.597,shoulder_yaw,0.2282668660284,0.25478966284287347
14.597,shoulder_pitch,-0.06249279168177937,-0.1423799377724204
14.597,elbow_pitch,0.7713404499601477,1.1078831855869944
14.597,wrist_yaw,1.3320978614188496e-07,0.0
14.6361,shoulder_yaw,0.23105061323627857,0.25789330556123347
14.6361,shoulder_pitch,-0.06387475514508861,-0.1462406071801173
14.6361,elbow_pitch,0.7754615904043307,1.1138502036978584
14.6361,wrist_yaw,1.7089285103494316e-07,0.0
14.6753,shoulder_yaw,0.2337645820127323,0.26083215822225386
14.6753,shoulder_pitch,-0.06517983060681755,-0.14990943078859228
14.6753,elbow_pitch,0.7794700829808142,1.1195492152762008
14.6753,wrist_yaw,3.3834005548587476e-07,0.0
14.7147,shoulder_yaw,0.2363817899878597,0.26367922921534565
14.7147,shoulder_pitch,-0.06641936276740419,-0.15347581039413608
14.7147,elbow_pitch,0.7833659146708442,1.1251154533119072
14.7147,wrist_yaw,4.572009338298322e-07,0.0
14.7493,shoulder_yaw,0.23880984575187708,0.2661177082795925
14.7493,shoulder_pitch,-0.06762796981758591,-0.15653982429041097
14.7493,elbow_pitch,0.7871002656485041,1.1299181821418014
14.7493,wrist_yaw,8.612835632584044e-07,0.0
14.7886,shoulder_yaw,0.24110696369696838,0.2688003392159961
14.7886,shoulder_pitch,-0.06877741507002715,-0.1599206620309666
14.7886,elbow_pitch,0.7907042221843621,1.135239373828071
14.7886,wrist_yaw,6.051197984724256e-07,0.0
14.8229,shoulder_yaw,0.24323605689101124,0.27104510488623584
14.8229,shoulder_pitch,-0.06988989540719981,-0.16275772662811527
14.8229,elbow_pitch,0.794143112941308,1.1397222533574722
14.8229,wrist_yaw,7.589831664792003e-07,0.0
14.862,shoulder_yaw,0.24527888826807362,0.2735147005286901
14.862,shoulder_pitch,-0.07093642516043354,-0.1658873928483274
14.862,elbow_pitch,0.7974543391587455,1.1446858987749995
14.862,wrist_yaw,4.011371171638128e-07,0.0
14.8991,shoulder_yaw,0.24723831461424922,0.2756977642290635
14.8991,shoulder_pitch,-0.07192989378251718,-0.16866128939666306
14.8991,elbow_pitch,0.8006309122057054,1.1491013269064059
14.8991,wrist_yaw,3.8164562169639796e-07,0.0
14.9361,shoulder_yaw,0.24913841945179702,0.2778755646497809
14.9361,shoulder_pitch,-0.07286807891728682,-0.1714353446875454
14.9361,elbow_pitch,0.80368646547294,1.1535319630650658
14.9361,wrist_yaw,2.7673729796119665e-07,0.0
14.9755,shoulder_yaw,0.25101095660773026,0.2800523505967873
14.9755,shoulder_pitch,-0.07374734887783946,-0.1742149200113854
14.9755,elbow_pitch,0.8066468045333356,1.15798630949998
14.9755,wrist_yaw,1.3633683785460812e-07,0.0
15.0153,shoulder_yaw,0.25286192488375814,0.2821446339928532
15.0153,shoulder_pitch,-0.07457660795903545,-0.17689299224537047
15.0153,elbow_pitch,0.8095286302911044,1.1622919981606032
15.0153,wrist_yaw,1.0863758093338053e-07,0.0
15.0544,shoulder_yaw,0.2546580854233298,0.2840680056328175
15.0544,shoulder_pitch,-0.0753767017361849,-0.1793603791869739
15.0544,elbow_pitch,0.8123267582879137,1.1662710392547526
15.0544,wrist_yaw,2.523761295039679e-07,0.0
15.0891,shoulder_yaw,0.2563222808221978,0.28570797197651004
15.0891,shoulder_pitch,-0.07617572191370063,-0.1814683648402603
15.0891,elbow_pitch,0.815002424330261,1.1696796143595527
15.0891,wrist_yaw,5.861071321381509e-07,0.0
15.1247,shoulder_yaw,0.25783235100997576,0.287298631747984
15.1247,shoulder_pitch,-0.07696922892250879,-0.18351662523733453
15.1247,elbow_pitch,0.8175396166638379,1.172999623930534
15.1247,wrist_yaw,6.818990874745714e-07,0.0
15.161,shoulder_yaw,0.25920221249609204,0.28882269746520495
15.161,shoulder_pitch,-0.07774233122649592,-0.18548250047857034
15.161,elbow_pitch,0.8199337843336117,1.1761934828287846
15.161,wrist_yaw,6.182257767275929e-07,0.0
15.2009,shoulder_yaw,0.2604846477278831,0.29036130510490554
15.2009,shoulder_pitch,-0.07847250275003936,-0.18747046795228348
15.2009,elbow_pitch,0.8222017504678447,1.179430555393918
15.2009,wrist_yaw,3.8763097893144527e-07,0.0
15.2368,shoulder_yaw,0.26167847780351494,0.2916700432815284
15.2368,shoulder_pitch,-0.0791651752623078,-0.18916406296171626
15.2368,elbow_pitch,0.8243284426023139,1.1821940728206082
15.2368,wrist_yaw,3.8887518616212627e-07,0.0
15.2722,shoulder_yaw,0.2627809077716611,0.2928713228062838
15.2722,shoulder_pitch,-0.07981955609038315,-0.19072072479679072
15.2722,elbow_pitch,0.8263025203692741,1.1847388214173482
15.2722,wrist_yaw,4.0069221018938327e-07,0.0
15.3115,shoulder_yaw,0.263822017427939,0.2940932890290383
15.3115,shoulder_pitch,-0.0804203061837109,-0.19230627701436395
15.3115,elbow_pitch,0.8281389505031609,1.187335380501209
15.3115,wrist_yaw,2.7060239020035743e-07,0.0
15.3501,shoulder_yaw,0.26480091747375745,0.29517056665049013
15.3501,shoulder_pitch,-0.08096948354946493,-0.19370582999005526
15.3501,elbow_pitch,0.8298377968615582,1.1896311686406187
15.3501,wrist_yaw,2.718582079548586e-07,0.0
15.3889,shoulder_yaw,0.2657153168099961,0.29617125608749884
15.3889,shoulder_pitch,-0.08146821966530467,-0.19500734163246325
15.3889,elbow_pitch,0.8314025386369472,1.1917693428406282
15.3889,wrist_yaw,2.814983367523982e-07,0.0
15.4244,shoulder_yaw,0.2665291605628501,0.29696437883935206
15.4244,shoulder_pitch,-0.08192986006050886,-0.1960398857049016
15.4244,elbow_pitch,0.8328147233567051,1.1934678409274078
15.4244,wrist_yaw,4.3455022679588794e-07,0.0
15.4631,shoulder_yaw,0.2672446038781034,0.2977386737851481
15.4631,shoulder_pitch,-0.0823480828274775,-0.19704876768112037
15.4631,elbow_pitch,0.8340784809048812,1.1951292859803222
15.4631,wrist_yaw,4.2591649685205166e-07,0.0
15.4991,shoulder_yaw,0.2678466776417158,0.29833838385661776
15.4991,shoulder_pitch,-0.08272724063961934,-0.19783074711208584
15.4991,elbow_pitch,0.8351827815286262,1.1964183326978937
15.4991,wrist_yaw,4.876763658788687e-07,0.0
15.5384,shoulder_yaw,0.268351188053255,0.2989075689312553
15.5384,shoulder_pitch,-0.0830589365634267,-0.19857338882022124
15.5384,elbow_pitch,0.8361346752146113,1.1976435573581665
15.5384,wrist_yaw,4.2017837001363264e-07,0.0
15.5803,shoulder_yaw,0.2687680601269914,0.29936749328436885
15.5803,shoulder_pitch,-0.08334166310270634,-0.1991738034389025
15.5803,elbow_pitch,0.8369371333971788,1.1986348609831972
15.5803,wrist_yaw,3.7608113075416096e-07,0.0
15.6173,shoulder_yaw,0.2690916057176968,0.2996830945697191
15.6173,shoulder_pitch,-0.08358018050495367,-0.19958598023571394
15.6173,elbow_pitch,0.8375840295028479,1.199315754238336
15.6173,wrist_yaw,3.995788254197927e-07,0.0
15.6561,shoulder_yaw,0.2693186195451339,0.29989465534568205
15.6561,shoulder_pitch,-0.083775331822784,-0.19986235738578237
15.6561,elbow_pitch,0.8380717079509139,1.1997724853772738
15.6561,wrist_yaw,4.13242904294152e-07,0.0
15.6953,shoulder_yaw,0.26944582227263264,0.2999922183190977
15.6953,shoulder_pitch,-0.08392694852080453,-0.19998983197915435
15.6953,elbow_pitch,0.8383965016997867,1.199983191732022
15.6953,wrist_yaw,4.268232784803662e-07,0.0
15.7306,shoulder_yaw,0.26947245517797275,0.2999821236689158
15.7306,shoulder_pitch,-0.08403343753479499,-0.19997664181675182
15.7306,elbow_pitch,0.8385562484657796,1.1999613879838467
15.7306,wrist_yaw,4.2987886470272393e-07,0.0
15.7697,shoulder_yaw,0.2693997432316773,0.2998652089413304
15.7697,shoulder_pitch,-0.08409278808516447,-0.19982388567896153
15.7697,elbow_pitch,0.8385500946399669,1.1997089001516617
15.7697,wrist_yaw,4.2452818598998875e-07,0.0
15.8097,shoulder_yaw,0.2692259722130255,0.29962674313128645
15.8097,shoulder_pitch,-0.08410461784987527,-0.19951237479902245
15.8097,elbow_pitch,0.8383754399114269,1.1991941396812074
15.8097,wrist_yaw,4.3176946065607044e-07,0.0
15.8463,shoulder_yaw,0.2689542130117164,0.299290390379937
15.8463,shoulder_pitch,-0.08406660431679899,-0.1990731277915528
15.8463,elbow_pitch,0.8380333320108339,1.198468596914102
15.8463,wrist_yaw,4.190230285704214e-07,0.0
15.8819,shoulder_yaw,0.2685950484177374,0.29887736939178433
15.8819,shoulder_pitch,-0.0839748299402045,-0.19853397474137585
15.8819,elbow_pitch,0.8375309480000465,1.1975785062140627
15.8819,wrist_yaw,3.741743477553756e-07,0.0
15.921,shoulder_yaw,0.2681407699574175,0.29831068513555536
15.921,shoulder_pitch,-0.08383417945196954,-0.1977946188731884
15.921,elbow_pitch,0.836864577469859,1.1963587530572213
15.921,wrist_yaw,4.069013187612547e-07,0.0
15.9561,shoulder_yaw,0.2676063977445627,0.29771366887492345
15.9561,shoulder_pitch,-0.08363922995460196,-0.19701617396712887
15.9561,elbow_pitch,0.8360469933702859,1.195075581213275
15.9561,wrist_yaw,3.442155821016978e-07,0.0
15.9951,shoulder_yaw,0.2669754573914241,0.29692634988642536
15.9951,shoulder_pitch,-0.08339952543210505,-0.19599035678483875
15.9951,elbow_pitch,0.8350706677706371,1.1933863233745732
15.9951,wrist_yaw,4.1398520568387877e-07,0.0
16.0314,shoulder_yaw,0.2662569076862663,0.2961045521316181
16.0314,shoulder_pitch,-0.08311122854521452,-0.19492054180482077
16.0314,elbow_pitch,0.8339450252053048,1.191626648605187
16.0314,wrist_yaw,3.7781502739200377e-07,0.0
16.0706,shoulder_yaw,0.2654361653933052,0.29510560482203724
16.0706,shoulder_pitch,-0.0827818187333953,-0.19362138820672287
16.0706,elbow_pitch,0.8326629840873698,1.1894925511414867
16.0706,wrist_yaw,4.3998263207400666e-07,0.0
16.1107,shoulder_yaw,0.2645046634978054,0.29399309929989176
16.1107,shoulder_pitch,-0.08241299547765071,-0.19217619764860958
16.1107,elbow_pitch,0.8312198012665909,1.1871221840093305
16.1107,wrist_yaw,4.785684587057265e-07,0.0
16.15,shoulder_yaw,0.26345170637772064,0.2927343691333101
16.15,shoulder_pitch,-0.0820060726975936,-0.19054315259001947
16.15,elbow_pitch,0.8296067444501511,1.1844483102075238
16.15,wrist_yaw,5.256701270702355e-07,0.0
16.1845,shoulder_yaw,0.262328082307907,0.29156249130728656
16.1845,shoulder_pitch,-0.08153961447501358,-0.18902479236597391
16.1845,elbow_pitch,0.8278553000477584,1.1819666184008681
16.1845,wrist_yaw,3.104996065898139e-07,0.0
16.2225,shoulder_yaw,0.26112675757861303,0.29016158566770167
16.2225,shoulder_pitch,-0.08102425734439504,-0.18721223023949526
16.2225,elbow_pitch,0.8259619528130233,1.1790096436445645
16.2225,wrist_yaw,3.3886425157002e-07,0.0
16.2648,shoulder_yaw,0.25984521713589914,0.2886807263120137
16.2648,shoulder_pitch,-0.08046346706346853,-0.1852992345159528
16.2648,elbow_pitch,0.8239294042559523,1.1758954349658153
16.2648,wrist_yaw,3.5247990972830246e-07,0.0
16.3049,shoulder_yaw,0.25839960319507915,0.28678720079769054
16.3049,shoulder_pitch,-0.07988679403190259,-0.1828576741318262
16.3049,elbow_pitch,0.8217053610451818,1.1719306763278177
16.3049,wrist_yaw,7.13732495489714e-07,0.0
16.3443,shoulder_yaw,0.25683576360087274,0.28509022040446236
16.3443,shoulder_pitch,-0.07926127979885708,-0.1806738678669374
16.3443,elbow_pitch,0.8193165178505767,1.1683939428633532
16.3443,wrist_yaw,5.23805563625962e-07,0.0
16.3822,shoulder_yaw,0.2551571692290046,0.2831621053015112
16.3822,shoulder_pitch,-0.07858544219489377,-0.17819759231630786
16.3822,elbow_pitch,0.8167596316223427,1.1643944275607039
16.3822,wrist_yaw,5.068231443375355e-07,0.0
16.4222,shoulder_yaw,0.25338960408074723,0.2811982232307792
16.4222,shoulder_pitch,-0.07784974263803505,-0.1756808335385309
16.4222,elbow_pitch,0.8140482630284402,1.1603414454498313
16.4222,wrist_yaw,3.989327379558859e-07,0.0
16.4613,shoulder_yaw,0.2515227147456313,0.27903082264845597
16.4613,shoulder_pitch,-0.07706139205790108,-0.1729096666657803
16.4613,elbow_pitch,0.8111763851789446,1.1558927548901345
16.4613,wrist_yaw,4.444751203098958e-07,0.0
16.4991,shoulder_yaw,0.24958326403623757,0.2768821814647688
16.4991,shoulder_pitch,-0.07621076474393822,-0.17016913860695826
16.4991,elbow_pitch,0.808165283077056,1.1515077690206386
16.4991,wrist_yaw,3.3212517181700304e-07,0.0
16.5368,shoulder_yaw,0.24758923346260936,0.2746573541248291
16.5368,shoulder_pitch,-0.07529766423929964,-0.1673384403098035
16.5368,elbow_pitch,0.8050347699282457,1.146993772681249
16.5368,wrist_yaw,2.54312291665473e-07,0.0
16.5758,shoulder_yaw,0.2455167904053687,0.2722334649343338
16.5758,shoulder_pitch,-0.07433832344038055,-0.16426260709185492
16.5758,elbow_pitch,0.8017818146830263,1.1421065882218513
16.5758,wrist_yaw,3.589543200234787e-07,0.0
16.6134,shoulder_yaw,0.24341226160920654,0.26996258071665286
16.6134,shoulder_pitch,-0.07331988753486364,-0.16138865546498907
16.6134,elbow_pitch,0.7984488662669658,1.1375569771479275
16.6134,wrist_yaw,1.6084425432076556e-07,0.0
16.6519,shoulder_yaw,0.2412026299021634,0.2672529001155083
16.6519,shoulder_pitch,-0.07228003931526161,-0.15796919022869363
16.6519,elbow_pitch,0.795004048868085,1.1321651133696178
16.6519,wrist_yaw,4.772171322783293e-07,0.0
16.6906,shoulder_yaw,0.2388806699723318,0.26457581436735245
16.6906,shoulder_pitch,-0.07121659162420499,-0.1546013810804401
16.6906,elbow_pitch,0.7914515893094913,1.126877545152614
16.6906,wrist_yaw,5.162884396712255e-07,0.0
16.7291,shoulder_yaw,0.236451024775214,0.2618073280569403
16.7291,shoulder_pitch,-0.07012631955368068,-0.15112963382171965
16.7291,elbow_pitch,0.7877963710749447,1.1214507395363311
16.7291,wrist_yaw,4.973610260934434e-07,0.0
16.7651,shoulder_yaw,0.23397061272291686,0.25913240363339524
16.7651,shoulder_pitch,-0.06899191739202688,-0.14778592532367027
16.7651,elbow_pitch,0.7840726572481771,1.1162472727085715
16.7651,wrist_yaw,2.4965396463847405e-07,0.0
16.8029,shoulder_yaw,0.2314287360088156,0.2562171874454028
16.8029,shoulder_pitch,-0.06782838646238176,-0.14415388340747617
16.8029,elbow_pitch,0.7802762003026912,1.110621140364898
16.8029,wrist_yaw,2.9512853820080416e-07,0.0
16.8418,shoulder_yaw,0.22879280870842877,0.2531299185141251
16.8418,shoulder_pitch,-0.06664937061042285,-0.1403212280309997
16.8418,elbow_pitch,0.7763914624598351,1.1047139501707635
16.8418,wrist_yaw,4.424449931940487e-07,0.0
16.8814,shoulder_yaw,0.22607007397663653,0.2500461224258073
16.8814,shoulder_pitch,-0.06544754899052607,-0.13650706367786214
16.8814,elbow_pitch,0.772424858728713,1.0988658575252863
16.8814,wrist_yaw,4.144241614405385e-07,0.0
16.9183,shoulder_yaw,0.22325551693623497,0.24682604827971238
16.9183,shoulder_pitch,-0.06422248561778268,-0.13253954144507277
16.9183,elbow_pitch,0.7683738249129642,1.092815376756837
16.9183,wrist_yaw,4.3778996463547904e-07,0.0
16.9543,shoulder_yaw,0.2203898684758122,0.24367837495706451
16.9543,shoulder_pitch,-0.06295904554170692,-0.12867630279737372
16.9543,elbow_pitch,0.7642623589594105,1.0869563798515458
16.9543,wrist_yaw,2.5973333131578396e-07,0.0
16.9927,shoulder_yaw,0.21746592860154,0.2403422378131289
16.9927,shoulder_pitch,-0.061665136440506564,-0.12459810800006298
16.9927,elbow_pitch,0.7600892949480119,1.0808065272985183
16.9927,wrist_yaw,2.9081965657637837e-07,0.0
17.0325,shoulder_yaw,0.2144270636021341,0.23673128415060413
17.0325,shoulder_pitch,-0.060358697718764134,-0.12020303047893979
17.0325,elbow_pitch,0.7558267118926405,1.0742197328795595
17.0325,wrist_yaw,5.465806049886027e-07,0.0
17.0706,shoulder_yaw,0.2112643940042713,0.23309724985616798
17.0706,shoulder_pitch,-0.05903181766281092,-0.11579997560348353
17.0706,elbow_pitch,0.7514704019604902,1.0676640957224703
17.0706,wrist_yaw,5.92397131390359e-07,0.0
17.1055,shoulder_yaw,0.20809524289094797,0.2298187887167744
17.1055,shoulder_pitch,-0.0576432082084012,-0.11184514822239154
17.1055,elbow_pitch,0.7470843841772449,1.061813085684039
17.1055,wrist_yaw,6.846713936966662e-08,0.0
17.1454,shoulder_yaw,0.20484796576153227,0.22594667859936746
17.1454,shoulder_pitch,-0.05623081471352365,-0.10719558900397962
17.1454,elbow_pitch,0.7426338228618,1.054979968246359
17.1454,wrist_yaw,3.840252457138607e-07,0.0
17.1852,shoulder_yaw,0.20146772546336525,0.22194774969298287
17.1852,shoulder_pitch,-0.054805917782101095,-0.10241820879663009
17.1852,elbow_pitch,0.738094967006275,1.0480112024908368
17.1852,wrist_yaw,6.401654099692687e-07,0.0
17.2231,shoulder_yaw,0.19800602693714173,0.2181461069073413
17.2231,shoulder_pitch,-0.053342436713330735,-0.09789970907201931
17.2231,elbow_pitch,0.7334969741227789,1.0414694858761666
17.2231,wrist_yaw,4.1226333833759737e-07,0.0
17.2625,shoulder_yaw,0.1944215635489947,0.2139528762440842
17.2625,shoulder_pitch,-0.05185434429848608,-0.09294216691068335
17.2625,elbow_pitch,0.7288187637315787,1.0343482809743638
17.2625,wrist_yaw,5.973258216427799e-07,0.0
17.297,shoulder_yaw,0.19085039581268987,0.21028195930870136
17.297,shoulder_pitch,-0.05029937175053164,-0.08862500739651338
17.297,elbow_pitch,0.7241325627882051,1.0281955373598044
17.297,wrist_yaw,-1.409804507703045e-08,0.0
17.3325,shoulder_yaw,0.18733322880692516,0.20644199596159873
17.3325,shoulder_pitch,-0.048688676007172034,-0.08413203278567048
17.3325,elbow_pitch,0.7194691456333965,1.0218410175002106
17.3325,wrist_yaw,-2.0898702376772178e-07,0.0
17.3723,shoulder_yaw,0.18384874443588214,0.2024728302616859
17.3723,shoulder_pitch,-0.047049104388973306,-0.07951274966274055
17.3723,elbow_pitch,0.7148381419566878,1.0153605522875517
17.3723,wrist_yaw,-1.1270394139963116e-07,0.0
17.4103,shoulder_yaw,0.1802124932514837,0.19784078242706313
17.4103,shoulder_pitch,-0.045439007798496106,-0.0741541941816845
17.4103,elbow_pitch,0.7101700798546203,1.0079110371061937
17.4103,wrist_yaw,7.32289507878644e-07,0.0
17.4454,shoulder_yaw,0.17650022401262175,0.1938251679149087
17.4454,shoulder_pitch,-0.04381881459335134,-0.06953700817039789
17.4454,elbow_pitch,0.7055122758274135,1.0015518732082478
17.4454,wrist_yaw,3.980152641255459e-07,0.0
17.4802,shoulder_yaw,0.17278075717666044,0.18980747903299106
17.4802,shoulder_pitch,-0.042176624304832835,-0.06494388605201627
17.4802,elbow_pitch,0.7009003948052415,0.9952816652150298
17.4802,wrist_yaw,7.387428423706855e-08,0.0
17.52,shoulder_yaw,0.1689632563899417,0.18523092051836781
17.52,shoulder_pitch,-0.04054910862765106,-0.05974431703927309
17.52,elbow_pitch,0.696294867687208,0.9882519802282264
17.52,wrist_yaw,4.899255856170919e-07,0.0
17.5564,shoulder_yaw,0.1650608867709083,0.1808356462861533
17.5564,shoulder_pitch,-0.03892648687584546,-0.05478350831376479
17.5564,elbow_pitch,0.6917017113014244,0.9816140954378089
17.5564,wrist_yaw,4.378676543262008e-07,0.0
17.5949,shoulder_yaw,0.16106106869390208,0.17625692580280453
17.5949,shoulder_pitch,-0.03730877711153275,-0.049650097785647024
17.5949,elbow_pitch,0.6871114428319453,0.9748176311500061
17.5949,wrist_yaw,4.946268780490071e-07,0.0
17.634,shoulder_yaw,0.1569176596440491,0.17141131599133375
17.634,shoulder_pitch,-0.035699795795700505,-0.044256067407546326
17.634,elbow_pitch,0.6824976656580617,0.9677570903722699
17.634,wrist_yaw,7.116974594264838e-07,0.0
17.6699,shoulder_yaw,0.15274285086925357,0.1669889220729191
17.6699,shoulder_pitch,-0.034061712120473535,-0.03936808798741047
17.6699,elbow_pitch,0.6779010316169054,0.9614321483811611
17.6699,wrist_yaw,1.9524568475823988e-07,0.0
17.7088,shoulder_yaw,0.14849612575695773,0.16206725335806754
17.7088,shoulder_pitch,-0.03235934861261454,-0.0339678101781634
17.7088,elbow_pitch,0.673314010104516,0.9545270319073582
17.7088,wrist_yaw,3.766922210557737e-07,0.0
17.7469,shoulder_yaw,0.14419589088483206,0.15724940238068116
17.7469,shoulder_pitch,-0.02958187509710532,-0.028722143511090016
17.7469,elbow_pitch,0.6690122314009638,0.9479046516609682
17.7469,wrist_yaw,2.960113120849281e-07,0.0
17.783,shoulder_yaw,0.13991028976376246,0.1525993650756415
17.783,shoulder_pitch,-0.025373382090630534,-0.02369772124096786
17.783,elbow_pitch,0.6650404172308687,0.9416420057026368
17.783,wrist_yaw,-4.4400842454741845e-08,0.0
17.8183,shoulder_yaw,0.1356939620885144,0.1480082815119988
17.8183,shoulder_pitch,-0.019915272600328247,-0.018774460361318166
17.8183,elbow_pitch,0.6612719745615308,0.9355835680819238
17.8183,wrist_yaw,-3.2979799851074095e-07,0.0
17.8563,shoulder_yaw,0.131477954467741,0.14307131781395313
17.8563,shoulder_pitch,-0.013594808667477608,-0.013522206978373977
17.8563,elbow_pitch,0.657508235732904,0.9292075756842002
17.8563,wrist_yaw,-2.993142140564741e-08,0.0
17.8925,shoulder_yaw,0.12729943512627326,0.13846640240125901
17.8925,shoulder_pitch,-0.007066649225388546,-0.008662718818920568
17.8925,elbow_pitch,0.6535500294652964,0.9233906037220191
17.8925,wrist_yaw,-2.1094802248906924e-07,0.0
17.9317,shoulder_yaw,0.12295742350039512,0.1330130304307988
17.9317,shoulder_pitch,-0.0006089219740388882,-0.002957681284485404
17.9317,elbow_pitch,0.6492967677760746,0.916665001145935
17.9317,wrist_yaw,7.208355328155006e-07,0.0
17.9667,shoulder_yaw,0.11856885782407607,0.12834085798618602
17.9667,shoulder_pitch,0.005321483459925161,0.0018867196950358167
17.9667,elbow_pitch,0.644715610342319,0.9110441018628781
17.9667,wrist_yaw,1.9220584218961458e-07,0.0
18.0041,shoulder_yaw,0.11410624526000308,0.1232208628107928
18.0041,shoulder_pitch,0.010668815333626363,0.0071489964317877994
18.0041,elbow_pitch,0.6398941397189069,0.9050347533036842
18.0041,wrist_yaw,3.2080682674586317e-07,0.0
18.0437,shoulder_yaw,0.10948555051640532,0.11776208211880093
18.0437,shoulder_pitch,0.01564712491151722,0.012705403397458973
18.0437,elbow_pitch,0.6349853171025142,0.8988016156353874
18.0437,wrist_yaw,7.277206514813574e-07,0.0
18.0839,shoulder_yaw,0.10470181214247697,0.11230340591842218
18.0839,shoulder_pitch,0.02049963153393584,0.018205277840868308
18.0839,elbow_pitch,0.6301415529673315,0.892748798955956
18.0839,wrist_yaw,7.618453876132077e-07,0.0
18.1232,shoulder_yaw,0.09976681633755458,0.10671477688437922
18.1232,shoulder_pitch,0.025463784711662427,0.023776943280753755
18.1232,elbow_pitch,0.6254827334175704,0.8867394385312616
18.1232,wrist_yaw,7.061758637288737e-07,0.0
18.1622,shoulder_yaw,0.09474411964386453,0.1011669890221183
18.1622,shoulder_pitch,0.030654007692660253,0.02924799766778833
18.1622,elbow_pitch,0.6210709389135697,0.8809625725596724
18.1622,wrist_yaw,4.0521907104265e-07,0.0
18.2014,shoulder_yaw,0.08971225594304179,0.09566794969411371
18.2014,shoulder_pitch,0.03344336313967052,0.034611367955335724
18.2014,elbow_pitch,0.6161905909006092,0.875422788345096
18.2014,wrist_yaw,2.927219001448934e-08,0.0
18.2414,shoulder_yaw,0.08464060971471551,0.08988401910288382
18.2414,shoulder_pitch,0.03510515234927902,0.040187756794864804
18.2414,elbow_pitch,0.6113684956252063,0.8697971698833782
18.2414,wrist_yaw,2.1977684919489088e-07,0.0
18.2803,shoulder_yaw,0.07958908175650271,0.08433973708583993
18.2803,shoulder_pitch,0.03635046292976579,0.04546989100289894
18.2803,elbow_pitch,0.6069034316408034,0.864599238915873
18.2803,wrist_yaw,-3.494302062247226e-08,0.0
18.319,shoulder_yaw,0.07460533716385807,0.07885702656755972
18.319,shoulder_pitch,0.037505495076869864,0.05063173208116778
18.319,elbow_pitch,0.6029176717687393,0.8596473323758735
18.319,wrist_yaw,-2.61019106823462e-07,0.0
18.3565,shoulder_yaw,0.06967180834495916,0.0732761000774073
18.3565,shoulder_pitch,0.038673848571787156,0.05582227214954343
18.3565,elbow_pitch,0.5994136974436433,0.8548000418799606
18.3565,wrist_yaw,-1.8844373760626528e-07,0.0
18.3912,shoulder_yaw,0.06490437785589809,0.06822673042583025
18.3912,shoulder_pitch,0.03986857581825377,0.060462286467565546
18.3912,elbow_pitch,0.5963643545469518,0.8505833695749585
18.3912,wrist_yaw,-7.384914718323044e-07,0.0
18.427,shoulder_yaw,0.060274399796917316,0.06299455938115033
18.427,shoulder_pitch,0.041052504707902886,0.06521327907632832
18.427,elbow_pitch,0.5936939499316143,0.8463842397481292
18.427,wrist_yaw,-6.214524888563585e-07,0.0
18.4657,shoulder_yaw,0.05561092311829279,0.05734052380359109
18.4657,shoulder_pitch,0.042187828018962946,0.07028125410668559
18.4657,elbow_pitch,0.5912976244121698,0.8420423240928208
18.4657,wrist_yaw,1.781127735834876e-07,0.0
18.5048,shoulder_yaw,0.05079133682406127,0.05157395251167103
18.5048,shoulder_pitch,0.04326712415942019,0.07537839477090558
18.5048,elbow_pitch,0.5890808532574207,0.8378246779541412
18.5048,wrist_yaw,7.595377658338016e-07,0.0
18.5412,shoulder_yaw,0.04589581845223152,0.04620878653254076
18.5412,shoulder_pitch,0.04431234759368845,0.0800547610429888
18.5412,elbow_pitch,0.5869877620522029,0.8340928155520709
18.5412,wrist_yaw,3.838032383449522e-07,0.0
18.5796,shoulder_yaw,0.04056949459637843,0.04046585224593244
18.5796,shoulder_pitch,0.045347678753592226,0.0849888885681667
18.5796,elbow_pitch,0.5849585756083153,0.830304733376179
18.5796,wrist_yaw,2.0452521260532592e-06,0.0
18.6179,shoulder_yaw,0.03488868288088237,0.034803042762471155
18.6179,shoulder_pitch,0.04640626164207623,0.08978068718933868
18.6179,elbow_pitch,0.5829569791892432,0.8267799209530238
18.6179,wrist_yaw,1.7093824822481015e-06,0.0
18.6537,shoulder_yaw,0.02940077562548587,0.029445826675043293
18.6537,shoulder_pitch,0.047518559281686856,0.09424569483358339
18.6537,elbow_pitch,0.5809731661323977,0.823638878239698
18.6537,wrist_yaw,-8.827822348593594e-07,0.0
18.6887,shoulder_yaw,0.024139068589321598,0.02419179152384508
18.6887,shoulder_pitch,0.048701933902539844,0.09855932050325714
18.6887,elbow_pitch,0.579008553533812,0.8207422710221707
18.6887,wrist_yaw,-1.0706415299690901e-06,0.0
18.7274,shoulder_yaw,0.018558849430371373,0.018480435077363383
18.7274,shoulder_pitch,0.04996344681567515,0.10317382175326838
18.7274,elbow_pitch,0.5770570754777643,0.8178015007878187
18.7274,wrist_yaw,1.5097154922381852e-06,0.0
18.7665,shoulder_yaw,0.012703368757789275,0.012634501959847442
18.7665,shoulder_pitch,0.05130780356918042,0.10781526846681502
18.7665,elbow_pitch,0.5751214820958167,0.815017329157295
18.7665,wrist_yaw,1.3365551764934588e-06,0.0
18.8049,shoulder_yaw,0.00682795929346236,0.006819726427814669
18.8049,shoulder_pitch,0.05273472967180952,0.1123484806509034
18.8049,elbow_pitch,0.5732159284115862,0.8124763441706702
18.8049,wrist_yaw,1.1274180690777824e-07,0.0
18.8447,shoulder_yaw,0.0008852787564754237,0.0008648788845738554
18.8447,shoulder_pitch,0.0542388668014357,0.11690303888199433
18.8447,elbow_pitch,0.5713586443246702,0.8101119715332717
18.8447,wrist_yaw,3.209676494193766e-07,0.0
18.8831,shoulder_yaw,-0.004930756977565051,-0.00490494092125135
18.8831,shoulder_pitch,0.05580713403179942,0.1212297294383845
18.8831,elbow_pitch,0.5695766371908276,0.8080523989348745
18.8831,wrist_yaw,-5.882695742700521e-07,0.0
18.9194,shoulder_yaw,-0.01042718950188484,-0.010354853057247471
18.9194,shoulder_pitch,0.05741616206277886,0.12523704778383105
18.9194,elbow_pitch,0.5679022252342064,0.8063177526242158
18.9194,wrist_yaw,-1.5151564177060571e-06,0.0
18.959,shoulder_yaw,-0.016219139696560303,-0.016297272267502667
18.959,shoulder_pitch,0.05904868849172867,0.12951686178465105
18.959,elbow_pitch,0.5663591410070286,0.8046615358724845
18.959,wrist_yaw,1.383878413114361e-06,0.0
18.995,shoulder_yaw,-0.021780338435254582,-0.021730384681891247
18.995,shoulder_pitch,0.060676310406241954,0.13334648450777717
18.995,elbow_pitch,0.5649740057918393,0.8033637263415571
18.995,wrist_yaw,-1.0674722580202112e-06,0.0
19.0323,shoulder_yaw,-0.027282755381756712,-0.027275189413728557
19.0323,shoulder_pitch,0.06227578524584262,0.13717112158021963
19.0323,elbow_pitch,0.5637677368352875,0.8022542155144725
19.0323,wrist_yaw,-3.0290975603967335e-07,0.0
19.0705,shoulder_yaw,-0.03293293111212968,-0.03297690372677435
19.0705,shoulder_pitch,0.06383151921509382,0.1410140720570244
19.0705,elbow_pitch,0.5627560863279246,0.8013417132106323
19.0705,wrist_yaw,6.933790396965139e-07,0.0
19.1071,shoulder_yaw,-0.037578344204704364,-0.03846141359377392
19.1071,shoulder_pitch,0.06532464630720175,0.1446228635069021
19.1071,elbow_pitch,0.5619495656051313,0.8006844299491862
19.1071,wrist_yaw,-4.745738682383417e-06,0.0
19.1452,shoulder_yaw,-0.04172439143331009,-0.0440557453603764
19.1452,shoulder_pitch,0.06674513718792988,0.14821341645610545
19.1452,elbow_pitch,0.561354030635922,0.8002387348498817
19.1452,wrist_yaw,-2.4274199328011735e-06,0.0
19.1822,shoulder_yaw,-0.04580892776030793,-0.04957573643561838
19.1822,shoulder_pitch,0.06808535429975726,0.15166478444243545
19.1822,elbow_pitch,0.5609705735009679,0.8000235130061597
19.1822,wrist_yaw,-3.0252588828027734e-07,0.0
19.2204,shoulder_yaw,-0.05014578769610547,-0.05523189755266898
19.2204,shoulder_pitch,0.06934770546060072,0.15510498234794165
19.2204,elbow_pitch,0.5607982508851583,0.8000366074190493
19.2204,wrist_yaw,1.186706764987974e-06,0.0
19.2587,shoulder_yaw,-0.0548266155767228,-0.060831212214303626
19.2587,shoulder_pitch,0.07053367039064402,0.1584124274686545
19.2587,elbow_pitch,0.5608317869403673,0.8002848383277711
19.2587,wrist_yaw,1.6195848357004728e-06,0.0
19.2937,shoulder_yaw,-0.05967801167556852,-0.06599269327330862
19.2937,shoulder_pitch,0.07163031276552746,0.1613727707995888
19.2937,elbow_pitch,0.5610562179641297,0.8007231154990418
19.2937,wrist_yaw,7.950509040236154e-07,0.0
19.3344,shoulder_yaw,-0.06464500622569573,-0.0715182681590957
19.3344,shoulder_pitch,0.07265363011997135,0.16444569726479397
19.3344,elbow_pitch,0.5614660062670999,0.8014173388711685
19.3344,wrist_yaw,5.212368440373285e-07,0.0
19.3736,shoulder_yaw,-0.06980960980249568,-0.07758563124958195
19.3736,shoulder_pitch,0.07364047252192692,0.16770248839802543
19.3736,elbow_pitch,0.5620666066272237,0.802450669364018
19.3736,wrist_yaw,9.049662403292258e-07,0.0
19.4077,shoulder_yaw,-0.07484368523876382,-0.08251913082344402
19.4077,shoulder_pitch,0.07455529097046684,0.17025778918712442
19.4077,elbow_pitch,0.562826574473874,0.8035024147371362
19.4077,wrist_yaw,-6.332024572872265e-07,0.0
19.4461,shoulder_yaw,-0.07974647021817001,-0.08799649541971849
19.4461,shoulder_pitch,0.07541782648614706,0.17299472357682377
19.4461,elbow_pitch,0.5637419011800826,0.8048949809766444
19.4461,wrist_yaw,-6.570602087543584e-07,0.0
19.4858,shoulder_yaw,-0.08460538921929577,-0.09363736746238176
19.4858,shoulder_pitch,0.0762510706835461,0.17570048831651774
19.4858,elbow_pitch,0.564814104011038,0.806579408779973
19.4858,wrist_yaw,-2.3954314840485117e-07,0.0
19.5249,shoulder_yaw,-0.08948911191315,-0.09929261866937111
19.5249,shoulder_pitch,0.07706776215434134,0.17829500048597458
19.5249,elbow_pitch,0.5660436039673857,0.8085263971546366
19.5249,wrist_yaw,8.465406628905762e-08,0.0
19.5586,shoulder_yaw,-0.09418586120310568,-0.10407895017396447
19.5586,shoulder_pitch,0.0778243059878263,0.18039590965315316
19.5586,elbow_pitch,0.5673954543755281,0.8103789092388325
19.5586,wrist_yaw,-9.048707598264605e-07,0.0
19.5935,shoulder_yaw,-0.09863971691961522,-0.10889456845340063
19.5935,shoulder_pitch,0.07851460497115936,0.1824194624068849
19.5935,elbow_pitch,0.5688526918894434,0.812434553943127
19.5935,wrist_yaw,-1.1771802228471987e-06,0.0
19.6308,shoulder_yaw,-0.10301058615405956,-0.11411606374491419
19.6308,shoulder_pitch,0.07917320528901815,0.18450857221491065
19.6308,elbow_pitch,0.5704270999577407,0.8148836632717478
19.6308,wrist_yaw,-4.2801280517964975e-07,0.0
19.6703,shoulder_yaw,-0.10748058383778976,-0.11956009859945571
19.6703,shoulder_pitch,0.0798328259937371,0.186567021528814
19.6703,elbow_pitch,0.5721388563197206,0.8176845651344192
19.6703,wrist_yaw,4.2767434420161136e-07,0.0
19.709,shoulder_yaw,-0.11209584602042197,-0.1249086573167983
19.709,shoulder_pitch,0.08049656299363099,0.18846667342353263
19.709,elbow_pitch,0.5739964327281311,0.8206860648194116
19.709,wrist_yaw,6.431836301203675e-07,0.0
19.7465,shoulder_yaw,-0.1167627757735559,-0.12999956866003182
19.7465,shoulder_pitch,0.08114225364461301,0.19015824473555332
19.7465,elbow_pitch,0.5759923419869276,0.8237765279853585
19.7465,wrist_yaw,2.026880253073211e-07,0.0
19.7807,shoulder_yaw,-0.12126488845482561,-0.13457914885909542
19.7807,shoulder_pitch,0.08172376722042435,0.1915797399257921
19.7807,elbow_pitch,0.5780946628223463,0.8267542445391002
19.7807,wrist_yaw,-8.06081845943895e-07,0.0
19.8182,shoulder_yaw,-0.12565620056252272,-0.1395954504283626
19.8182,shoulder_pitch,0.08226493533513327,0.193024462456283
19.8182,elbow_pitch,0.5803175837995604,0.8302341999960825
19.8182,wrist_yaw,-5.641529269320566e-07,0.0
19.854,shoulder_yaw,-0.1299178405222194,-0.14431156629055045
19.854,shoulder_pitch,0.08275668296108181,0.1942721926001778
19.854,elbow_pitch,0.5826531899578157,0.833717435988645
19.854,wrist_yaw,-6.414486120038422e-07,0.0
19.8912,shoulder_yaw,-0.13412573019002616,-0.14918379332439077
19.8912,shoulder_pitch,0.08321401498172008,0.19544490926583707
19.8912,elbow_pitch,0.5851120234043639,0.8375350207047765
19.8912,wrist_yaw,-2.94077415401099e-07,0.0
19.9343,shoulder_yaw,-0.13847226415297326,-0.15451116169448995
19.9343,shoulder_pitch,0.08368095678454868,0.19658701759660605
19.9343,elbow_pitch,0.5877375633717784,0.841968773765377
19.9343,wrist_yaw,5.903909542028107e-07,0.0
19.9706,shoulder_yaw,-0.14287886506260633,-0.15934582140244505
19.9706,shoulder_pitch,0.08412222007845593,0.1974919854958873
19.9706,elbow_pitch,0.5905184839103649,0.8462317962601601
19.9706,wrist_yaw,2.3403083341138118e-07,0.0
20.0097,shoulder_yaw,-0.14731467062723608,-0.16429712751615602
20.0097,shoulder_pitch,0.08453029354036322,0.19828395620309497
20.0097,elbow_pitch,0.5934604151960391,0.8508386717021592
20.0097,wrist_yaw,8.054682875473305e-08,0.0
20.0454,shoulder_yaw,-0.15162034737632726,-0.1687935505535249
20.0454,shoulder_pitch,0.0848598399287509,0.19888034904199053
20.0454,elbow_pitch,0.5965304164356056,0.8552380290729962
20.0454,wrist_yaw,-6.456409275242834e-07,0.0
20.0831,shoulder_yaw,-0.15577113245534474,-0.1733667884629149
20.0831,shoulder_pitch,0.08511079294559132,0.19936222982485227
20.0831,elbow_pitch,0.5997202253605692,0.8599277412076168
20.0831,wrist_yaw,-7.631361894551411e-07,0.0
20.1236,shoulder_yaw,-0.15988190861878396,-0.17820362022669275
20.1236,shoulder_pitch,0.08531865389803787,0.19972939085162628
20.1236,elbow_pitch,0.6030536759662188,0.8651292788595923
20.1236,wrist_yaw,-2.3846608604429705e-07,0.0
20.1626,shoulder_yaw,-0.16402658240245824,-0.1830270642909306
20.1626,shoulder_pitch,0.08549693992434199,0.1999431987693611
20.1626,elbow_pitch,0.6065462231962817,0.8705697725695185
20.1626,wrist_yaw,1.0037458998629368e-07,0.0
20.2057,shoulder_yaw,-0.1681701728495238,-0.18763041238677625
20.2057,shoulder_pitch,0.08562634370505409,0.1999987846808453
20.2057,elbow_pitch,0.6101868421364153,0.8760041526723041
20.2057,wrist_yaw,-5.890390077583084e-08,0.0
20.2451,shoulder_yaw,-0.17241417196996012,-0.19264211512466248
20.2451,shoulder_pitch,0.0857418500007051,0.19988627892878388
20.2451,elbow_pitch,0.6140152395461504,0.882197100682228
20.2451,wrist_yaw,3.896574093334375e-07,0.0
20.2807,shoulder_yaw,-0.17649775317790006,-0.1966963094753328
20.2807,shoulder_pitch,0.08574953129947774,0.19965681106192823
20.2807,elbow_pitch,0.6179513351839369,0.8874237653709218
20.2807,wrist_yaw,-7.734292548451676e-07,0.0
20.3177,shoulder_yaw,-0.18036868104382694,-0.20088343586978283
20.3177,shoulder_pitch,0.08564858305954973,0.19928332553219588
20.3177,elbow_pitch,0.6219687329694416,0.8930314449065606
20.3177,wrist_yaw,-1.0173269054517289e-06,0.0
20.3566,shoulder_yaw,-0.18410544776355706,-0.20518894826699555
20.3566,shoulder_pitch,0.08547509543586197,0.1987474409281986
20.3566,elbow_pitch,0.6260725989277804,0.8990264194760702
20.3566,wrist_yaw,-6.591913051186664e-07,0.0
20.3919,shoulder_yaw,-0.18764579746110002,-0.20898989653654992
20.3919,shoulder_pitch,0.08520422823539701,0.19813985142961665
20.3919,elbow_pitch,0.6302106892706472,0.9045175724005806
20.3919,wrist_yaw,-9.249395849993667e-07,0.0
20.4312,shoulder_yaw,-0.191124891736425,-0.21313565376503404
20.4312,shoulder_pitch,0.08489318432172337,0.1973255922426791
20.4312,elbow_pitch,0.6344045511854246,0.9107263634467825
20.4312,wrist_yaw,-3.288660046475597e-07,0.0
20.4712,shoulder_yaw,-0.19464486953034507,-0.21730343017847248
20.4712,shoulder_pitch,0.08457792128578889,0.19633866962399338
20.4712,elbow_pitch,0.6386780915296423,0.9172070505916996
20.4712,wrist_yaw,1.2897562797144028e-07,0.0
20.5094,shoulder_yaw,-0.19817407859020433,-0.2212266811469041
20.5094,shoulder_pitch,0.08424467494439933,0.19524618997352658
20.5094,elbow_pitch,0.6430202362232676,0.9235346792045478
20.5094,wrist_yaw,-9.994081120773815e-09,0.0
20.5486,shoulder_yaw,-0.2016771931178534,-0.2251013756848884
20.5486,shoulder_pitch,0.08388751426718549,0.1940019911630537
20.5486,elbow_pitch,0.6474269909744604,0.9300088268797393
20.5486,wrist_yaw,-1.6935103981966955e-07,0.0
20.588,shoulder_yaw,-0.20517168269048486,-0.2290679389293366
20.588,shoulder_pitch,0.08352056837742652,0.19254717975450739
20.588,elbow_pitch,0.6519197995854196,0.9368776867099441
20.588,wrist_yaw,-9.45788684528828e-08,0.0
20.6269,shoulder_yaw,-0.20860021339412946,-0.23280417345098722
20.6269,shoulder_pitch,0.08311962376041859,0.1909979147050015
20.6269,elbow_pitch,0.656487161121206,0.9435808894889519
20.6269,wrist_yaw,-3.416665930133087e-07,0.0
20.6658,shoulder_yaw,-0.21192627318930743,-0.23644917158139214
20.6658,shoulder_pitch,0.08266975917767211,0.18930739029703353
20.6658,elbow_pitch,0.661119360520001,0.9503487813141508
20.6658,wrist_yaw,-5.008962581710167e-07,0.0
20.7053,shoulder_yaw,-0.2151343967580287,-0.2399927710595414
20.7053,shoulder_pitch,0.08216217986833509,0.1874820318801302
20.7053,elbow_pitch,0.6658064879946701,0.9571553621394392
20.7053,wrist_yaw,-5.647578379085493e-07,0.0
20.7414,shoulder_yaw,-0.21815291275393633,-0.24319615451724833
20.7414,shoulder_pitch,0.08156326420656379,0.18566628552851316
20.7414,elbow_pitch,0.6704991548211707,0.9635108656265302
20.7414,wrist_yaw,-8.671973897717659e-07,0.0
20.7811,shoulder_yaw,-0.22108076851503602,-0.24663612597708015
20.7811,shoulder_pitch,0.08091885350455261,0.18352780515371067
20.7811,elbow_pitch,0.6752231359305786,0.9705614432196006
20.7811,wrist_yaw,-4.4203247640664657e-07,0.0
20.8202,shoulder_yaw,-0.2239715368418008,-0.2499734278014173
20.8202,shoulder_pitch,0.08024443724304889,0.18125135545652843
20.8202,elbow_pitch,0.6799899882357334,0.9776379428827878
20.8202,wrist_yaw,-2.051783341978434e-07,0.0
20.8566,shoulder_yaw,-0.22675765779020635,-0.2529554747835386
20.8566,shoulder_pitch,0.07950599947179338,0.17903485521834736
20.8566,elbow_pitch,0.6847559273998204,0.9841702742114649
20.8566,wrist_yaw,-4.894718572391642e-07,0.0
20.897,shoulder_yaw,-0.22949008126272555,-0.2561037044426912
20.897,shoulder_pitch,0.07873565652229828,0.17649151586155967
20.897,elbow_pitch,0.6895420781257721,0.9912949033411934
20.897,wrist_yaw,-2.757800752279553e-07,0.0
20.9319,shoulder_yaw,-0.23208309491555315,-0.25882378337771056
20.9319,shoulder_pitch,0.07789669179380704,0.1741109452485198
20.9319,elbow_pitch,0.694294374927825,0.9976520886964498
20.9319,wrist_yaw,-6.292906369027407e-07,0.0
20.9718,shoulder_yaw,-0.23460440511087483,-0.2617557710340541
20.9718,shoulder_pitch,0.07703283066888696,0.17133663717958547
20.9718,elbow_pitch,0.6990413252991107,1.0047290638067141
20.9718,wrist_yaw,-3.464829099702934e-07,0.0
21.007,shoulder_yaw,-0.2370144546849405,-0.26436083912887987
21.007,shoulder_pitch,0.07612513659241779,0.1686728170685713
21.007,elbow_pitch,0.7037512345112827,1.0112271625773535
21.007,wrist_yaw,-5.032847872831122e-07,0.0
21.0418,shoulder_yaw,-0.23928099514956583,-0.2668054026678284
21.0418,shoulder_pitch,0.07516553833952605,0.16598573214849843
21.0418,elbow_pitch,0.7083909302600426,1.017519226821559
21.0418,wrist_yaw,-6.362922118544192e-07,0.0
21.0802,shoulder_yaw,-0.24148216179481935,-0.2693955590140117
21.0802,shoulder_pitch,0.07419967195492969,0.1629197899052347
21.0802,elbow_pitch,0.7129947051135496,1.0244087444097898
21.0802,wrist_yaw,-3.0880843009256783e-07,0.0
21.1183,shoulder_yaw,-0.2436437408191795,-0.2718604414656458
21.1183,shoulder_pitch,0.07323514325328119,0.15976947125619204
21.1183,elbow_pitch,0.7175770330843149,1.0311974659073864
21.1183,wrist_yaw,-1.9586914784051974e-07,0.0
21.1569,shoulder_yaw,-0.24577069501652837,-0.2742528917266279
21.1569,shoulder_pitch,0.07226946320876962,0.1564680973909611
21.1569,elbow_pitch,0.7221518039709067,1.038025544074614
21.1569,wrist_yaw,-1.748627602384311e-07,0.0
21.192,shoulder_yaw,-0.2477848371342728,-0.27634651627790674
21.192,shoulder_pitch,0.07126035336864113,0.15335744829324563
21.192,elbow_pitch,0.7266770498271219,1.0442142366128264
21.192,wrist_yaw,-4.93681458603371e-07,0.0
21.2306,shoulder_yaw,-0.24971801368398605,-0.27854892273797865
21.2306,shoulder_pitch,0.07022969529996065,0.1498321095760393
21.2306,elbow_pitch,0.7311789180851938,1.050964065229436
21.2306,wrist_yaw,-3.638666714461716e-07,0.0
21.2692,shoulder_yaw,-0.25158280863427873,-0.2806456505045314
21.2692,shoulder_pitch,0.06917770210297529,0.14620070109485409
21.2692,elbow_pitch,0.7356705927963905,1.0576462786945564
21.2692,wrist_yaw,-3.0682270218032267e-07,0.0
21.3072,shoulder_yaw,-0.25336778410641064,-0.28260754864795085
21.3072,shoulder_pitch,0.06809039076644373,0.1425221213218135
21.3072,elbow_pitch,0.7401481942853935,1.0641559050071032
21.3072,wrist_yaw,-3.5100353846200563e-07,0.0
21.3457,shoulder_yaw,-0.2550720915382433,-0.2844962103854692
21.3457,shoulder_pitch,0.06696239339661833,0.13868224383223335
21.3457,elbow_pitch,0.7446140988765904,1.07069183375172
21.3457,wrist_yaw,-3.5268840946485704e-07,0.0
21.3843,shoulder_yaw,-0.2566903847225082,-0.28627819587141273
21.3843,shoulder_pitch,0.06578643440682465,0.1347432727445794
21.3843,elbow_pitch,0.7490647961629752,1.0771393758197734
21.3843,wrist_yaw,-3.713160081916761e-07,0.0
21.4229,shoulder_yaw,-0.25821708103522983,-0.2879544570593558
21.4229,shoulder_pitch,0.06455702984095278,0.1307045627571985
21.4229,elbow_pitch,0.7534931761724357,1.083496558296217
21.4229,wrist_yaw,-3.9108008832873294e-07,0.0
21.4614,shoulder_yaw,-0.2596479223020829,-0.28952328835938684
21.4614,shoulder_pitch,0.06327149611671784,0.12657157855482898
21.4614,elbow_pitch,0.7578893632637765,1.0897516961109153
21.4614,wrist_yaw,-4.0522825344161794e-07,0.0
21.4999,shoulder_yaw,-0.2609805804625048,-0.2909838168565209
21.4999,shoulder_pitch,0.061930232686136615,0.1223485058365042
21.4999,elbow_pitch,0.7622416707828247,1.0958957490862544
21.4999,wrist_yaw,-4.114682928289189e-07,0.0
21.5384,shoulder_yaw,-0.26221416449944235,-0.2923347525994973
21.5384,shoulder_pitch,0.06053626525909836,0.11804159710986306
21.5384,elbow_pitch,0.7665372071014187,1.1019173195827379
21.5384,wrist_yaw,-4.1190150452457394e-07,0.0
21.5766,shoulder_yaw,-0.26334596298156404,-0.2935668735354131
21.5766,shoulder_pitch,0.05909322194050623,0.11368826419556709
21.5766,elbow_pitch,0.7707592605209028,1.1077648898664036
21.5766,wrist_yaw,-4.195274795151341e-07,0.0
21.6109,shoulder_yaw,-0.2643433128160005,-0.29458472449108886
21.6109,shoulder_pitch,0.05759017261316247,0.10969975921299863
21.6109,elbow_pitch,0.7748491700680871,1.112920658960166
21.6109,wrist_yaw,-5.451077999609819e-07,0.0
21.6488,shoulder_yaw,-0.26523797803571586,-0.29560718785314033
21.6488,shoulder_pitch,0.05606374502158359,0.10522446464036748
21.6488,elbow_pitch,0.7788146881044701,1.118485226634458
21.6488,wrist_yaw,-4.179791877891202e-07,0.0
21.6874,shoulder_yaw,-0.26605406209757737,-0.2965371727051879
21.6874,shoulder_pitch,0.05453586302165866,0.10060223142175775
21.6874,elbow_pitch,0.7826673222635916,1.1239969884414969
21.6874,wrist_yaw,-3.186584817241511e-07,0.0
21.7259,shoulder_yaw,-0.26679788333361293,-0.2973584370928366
21.7259,shoulder_pitch,0.05301239600808296,0.0958994676863209
21.7259,elbow_pitch,0.7864138494591637,1.129368148898394
21.7259,wrist_yaw,-2.915733488670586e-07,0.0
21.7644,shoulder_yaw,-0.2674633205986988,-0.2980682110534995
21.7644,shoulder_pitch,0.05148986464003698,0.091133525672638
21.7644,elbow_pitch,0.7900566965870915,1.1345762807224624
21.7644,wrist_yaw,-3.139344888853321e-07,0.0
21.8029,shoulder_yaw,-0.26804010481569546,-0.2986672032277021
21.8029,shoulder_pitch,0.04996134617223563,0.08630360769418374
21.8029,elbow_pitch,0.7935960090677915,1.1396204322131847
21.8029,wrist_yaw,-3.524821081525415e-07,0.0
21.8383,shoulder_yaw,-0.2685082500125233,-0.2991198061570118
21.8383,shoulder_pitch,0.04841204912197735,0.08181299532268937
21.8383,elbow_pitch,0.7970004331335105,1.1441050340227341
21.8383,wrist_yaw,-4.2840676740164845e-07,0.0
21.8769,shoulder_yaw,-0.26887510223771216,-0.2995069401413008
21.8769,shoulder_pitch,0.046852552708582365,0.07685758080809516
21.8769,elbow_pitch,0.8002829916769919,1.1488303824408113
21.8769,wrist_yaw,-3.985130535048187e-07,0.0
21.9136,shoulder_yaw,-0.26914216312433165,-0.29977226678213037
21.9136,shoulder_pitch,0.045280858930739895,0.07208301240501185
21.9136,elbow_pitch,0.8034355533192653,1.1531668269762598
21.9136,wrist_yaw,-3.901362312218248e-07,0.0
21.9475,shoulder_yaw,-0.2693109417513235,-0.29992747681577836
21.9475,shoulder_pitch,0.04369554820915383,0.06762871755878218
21.9475,elbow_pitch,0.8064307747067925,1.157025002992138
21.9475,wrist_yaw,-3.8279346062166867e-07,0.0
21.9832,shoulder_yaw,-0.26939021424576365,-0.29999737240478314
21.9832,shoulder_pitch,0.04210951086614267,0.06291687823618351
21.9832,elbow_pitch,0.8092693535871404,1.1609131799260863
21.9832,wrist_yaw,-3.475815954707238e-07,0.0
22.0199,shoulder_yaw,-0.2693857080172198,-0.2999698923072963
22.0199,shoulder_pitch,0.040531971950158674,0.058018712829986524
22.0199,elbow_pitch,0.8119636986854704,1.1647483688351281
22.0199,wrist_yaw,-3.24112285869518e-07,0.0
22.0552,shoulder_yaw,-0.26930044448073226,-0.29984802436294583
22.0552,shoulder_pitch,0.03896362412083655,0.053268198206131614
22.0552,elbow_pitch,0.814513953471132,1.1682698615331426
22.0552,wrist_yaw,-3.115832079912388e-07,0.0
22.0889,shoulder_yaw,-0.26913904472768174,-0.299644824363128
22.0889,shoulder_pitch,0.03740523700217861,0.04871068759629151
22.0889,elbow_pitch,0.8169119076242033,1.1714675419073761
22.0889,wrist_yaw,-2.9316954368221866e-07,0.0
22.1277,shoulder_yaw,-0.26888857076259487,-0.2993066132237842
22.1277,shoulder_pitch,0.03585596647239403,0.04344204690537512
22.1277,elbow_pitch,0.8191875914433364,1.174946404830318
22.1277,wrist_yaw,-3.4205642996835946e-07,0.0
22.1663,shoulder_yaw,-0.2685384625166117,-0.29885612538347045
22.1663,shoulder_pitch,0.03430303477862439,0.03813780078367524
22.1663,elbow_pitch,0.8213595578880369,1.1782155725006238
22.1663,wrist_yaw,-3.8264356153357823e-07,0.0
22.2049,shoulder_yaw,-0.2680832912370429,-0.29829378289183295
22.2049,shoulder_pitch,0.03273035805574821,0.032806025975796384
22.2049,elbow_pitch,0.823436917600914,1.181268284564125
22.2049,wrist_yaw,-4.0316051291428813e-07,0.0
22.2435,shoulder_yaw,-0.2675229501252168,-0.2976218749466571
22.2435,shoulder_pitch,0.030869600629241198,0.027465718090494324
22.2435,elbow_pitch,0.825356735269408,1.1840932474003254
22.2435,wrist_yaw,-4.0328010060950584e-07,0.0
22.2772,shoulder_yaw,-0.2668930627068613,-0.2969461111719267
22.2772,shoulder_pitch,0.02795673679879172,0.02279618800589895
22.2772,elbow_pitch,0.8269212851485519,1.1863737890022388
22.2772,wrist_yaw,-2.6790310605228946e-07,0.0
22.316,shoulder_yaw,-0.266173356091941,-0.29606642730217253
22.316,shoulder_pitch,0.02353523716341306,0.01741751504821628
22.316,elbow_pitch,0.8280994687390213,1.188782476819686
22.316,wrist_yaw,-3.481896724572506e-07,0.0
22.3546,shoulder_yaw,-0.2653483896043944,-0.2950704421970312
22.3546,shoulder_pitch,0.01771727180857172,0.011995496603199724
22.3546,elbow_pitch,0.8290351818264025,1.190974881445353
22.3546,wrist_yaw,-4.169993014672873e-07,0.0
22.3927,shoulder_yaw,-0.2644196344377507,-0.2939865055895629
22.3927,shoulder_pitch,0.011036868316863886,0.0066736021964851205
22.3927,elbow_pitch,0.8299539892305426,1.19289702712112
22.3927,wrist_yaw,-4.212535139006012e-07,0.0
22.43,shoulder_yaw,-0.2633983413464109,-0.2928190532198947
22.43,shoulder_pitch,0.004170771897198226,0.0014452697186918783
22.43,elbow_pitch,0.8310526796462894,1.1945636795533374
22.43,wrist_yaw,-3.854350214817018e-07,0.0
22.4687,shoulder_yaw,-0.2622779237025804,-0.2915046462009631
22.4687,shoulder_pitch,-0.0023875766054558046,-0.003961257979928736
22.4687,elbow_pitch,0.8324082792950923,1.1960556166108836
22.4687,wrist_yaw,-4.152830587290003e-07,0.0
22.5049,shoulder_yaw,-0.26108214618913067,-0.29016926226086914
22.5049,shoulder_pitch,-0.00827029374314781,-0.00904349540819054
22.5049,elbow_pitch,0.8339996078121255,1.197242689199394
22.5049,wrist_yaw,-3.2417896413937285e-07,0.0
22.5434,shoulder_yaw,-0.25979431806300524,-0.2886488767303297
22.5434,shoulder_pitch,-0.013505427899420353,-0.014425587879836022
22.5434,elbow_pitch,0.8356731719518427,1.1982710892838464
22.5434,wrist_yaw,-3.872202245492917e-07,0.0
22.582,shoulder_yaw,-0.2584040353412546,-0.2870206903164082
22.582,shoulder_pitch,-0.018305986042900988,-0.019799688736218707
22.582,elbow_pitch,0.8372346162994935,1.1990616394131983
22.582,wrist_yaw,-4.28774333858167e-07,0.0
22.6205,shoulder_yaw,-0.25690764634634317,-0.2852844062468028
22.6205,shoulder_pitch,-0.02295761213633473,-0.025164123505181657
22.6205,elbow_pitch,0.8385066066353396,1.1996132380258844
22.6205,wrist_yaw,-4.4443339011102053e-07,0.0
22.659,shoulder_yaw,-0.25530771163044813,-0.2834447582030847
22.659,shoulder_pitch,-0.02771005006480764,-0.030502635500534066
22.659,elbow_pitch,0.8393717195770374,1.1999241438967183
22.659,wrist_yaw,-4.3795629383115424e-07,0.0
22.6976,shoulder_yaw,-0.2536087500275915,-0.28149947838872097
22.6976,shoulder_pitch,-0.030987390487430145,-0.03582046303686523
22.6976,elbow_pitch,0.8402200059489566,1.1999949246590818
22.6976,wrist_yaw,-4.2619835670016147e-07,0.0
22.7361,shoulder_yaw,-0.25181571894748517,-0.279448537347846
22.7361,shoulder_pitch,-0.03310379028016964,-0.04111538601091956
22.7361,elbow_pitch,0.8408707883011558,1.1998252030380945
22.7361,wrist_yaw,-3.98280441143173e-07,0.0
22.7707,shoulder_yaw,-0.2499965380933137,-0.277520520316254
22.7707,shoulder_pitch,-0.03461273406003379,-0.045839601952182785
22.7707,elbow_pitch,0.8411295507234167,1.199468405533565
22.7707,wrist_yaw,-1.1859705280396686e-07,0.0
22.8099,shoulder_yaw,-0.24810496942899893,-0.27526735474800995
22.8099,shoulder_pitch,-0.03585229808642511,-0.05108821096697274
22.8099,elbow_pitch,0.8409195145577204,1.198841073652161
22.8099,wrist_yaw,-3.006841441063771e-07,0.0
22.8486,shoulder_yaw,-0.2460987204025342,-0.2728775442877281
22.8486,shoulder_pitch,-0.036986703998228704,-0.056372494077703866
22.8486,elbow_pitch,0.8402558807864775,1.1979593303505807
22.8486,wrist_yaw,-4.777204652193526e-07,0.0
22.8871,shoulder_yaw,-0.24397107562748516,-0.2704194096055686
22.8871,shoulder_pitch,-0.03807833086454323,-0.06153966931872256
22.8871,elbow_pitch,0.8392085312051956,1.1968492518523821
22.8871,wrist_yaw,-5.103846056720107e-07,0.0
22.9229,shoulder_yaw,-0.2417855032469594,-0.2680620334935
22.9229,shoulder_pitch,-0.03912294896953071,-0.06626714175141588
22.9229,elbow_pitch,0.8378816106401902,1.1956140784339884
22.9229,wrist_yaw,-2.572414540129187e-07,0.0
22.9619,shoulder_yaw,-0.23951060880393538,-0.26539967217996413
22.9619,shoulder_pitch,-0.04016381311389903,-0.07136536318016488
22.9619,elbow_pitch,0.8363504021407556,1.194041153663371
22.9619,wrist_yaw,-3.8495422675805467e-07,0.0
23.0005,shoulder_yaw,-0.2371251794795512,-0.2626255058647024
23.0005,shoulder_pitch,-0.041232915790995854,-0.07643238982474719
23.0005,elbow_pitch,0.83468085790994,1.1922235901440146
23.0005,wrist_yaw,-4.781085694987302e-07,0.0
23.0392,shoulder_yaw,-0.2346320816706213,-0.259779888216862
23.0392,shoulder_pitch,-0.04235030830475336,-0.0813946108466622
23.0392,elbow_pitch,0.8329267735219688,1.1901907281581994
23.0392,wrist_yaw,-4.7075580731323125e-07,0.0
23.0778,shoulder_yaw,-0.23203805745866066,-0.2568310125542686
23.0778,shoulder_pitch,-0.043534687887889556,-0.0863082648350631
23.0778,elbow_pitch,0.8311224810433409,1.1879233835169538
23.0778,wrist_yaw,-4.4627719072360544e-07,0.0
23.1163,shoulder_yaw,-0.22935358113143406,-0.25379211898080767
23.1163,shoulder_pitch,-0.044798358769890696,-0.09114944102053629
23.1163,elbow_pitch,0.829285458497632,1.1854335597281287
23.1163,wrist_yaw,-4.065624336083383e-07,0.0
23.1509,shoulder_yaw,-0.22667943776708482,-0.2509930715787877
23.1509,shoulder_pitch,-0.04609739773682453,-0.0954246497206867
23.1509,elbow_pitch,0.8274524679898702,1.183016241768143
23.1509,wrist_yaw,6.214363368070301e-09,0.0
23.1869,shoulder_yaw,-0.22401474819968079,-0.2479914525419803
23.1869,shoulder_pitch,-0.047441874597889705,-0.09982793487480313
23.1869,elbow_pitch,0.8256166582315843,1.180304430706011
23.1869,wrist_yaw,7.185216290313259e-09,0.0
23.2234,shoulder_yaw,-0.22133682878360003,-0.24492065153287632
23.2234,shoulder_pitch,-0.048836361239940146,-0.10415204813198582
23.2234,elbow_pitch,0.8237610703116501,1.1774138285132605
23.2234,wrist_yaw,-8.95681289710344e-08,0.0
23.2584,shoulder_yaw,-0.21862605248221142,-0.24181112650878386
23.2584,shoulder_pitch,-0.050273262133728944,-0.10835706223614537
23.2584,elbow_pitch,0.8218667844527967,1.174377895795309
23.2584,wrist_yaw,-1.734527901134481e-07,0.0
23.2941,shoulder_yaw,-0.21585149116661376,-0.23859279199439085
23.2941,shoulder_pitch,-0.05174799330865674,-0.11253711599434531
23.2941,elbow_pitch,0.8199067131507656,1.1711308058002907
23.2941,wrist_yaw,-3.0476911264194086e-07,0.0
23.3327,shoulder_yaw,-0.2129241880930448,-0.23504096857727919
23.3327,shoulder_pitch,-0.053286194289745605,-0.11696000490532453
23.3327,elbow_pitch,0.8178258676305158,1.167434792428008
23.3327,wrist_yaw,-6.81588608124336e-07,0.0
23.3713,shoulder_yaw,-0.20981450209469235,-0.23140002577716165
23.3713,shoulder_pitch,-0.054875514405482426,-0.12129958248418178
23.3713,elbow_pitch,0.8155884095851057,1.1635351593777619
23.3713,wrist_yaw,-8.163190109472203e-07,0.0
23.4051,shoulder_yaw,-0.20666550678362727,-0.2281508433832502
23.4051,shoulder_pitch,-0.05641701665389235,-0.12501593992269097
23.4051,elbow_pitch,0.81322922277017,1.1599691612228673
23.4051,wrist_yaw,-2.193809246628074e-07,0.0
23.4431,shoulder_yaw,-0.20343873030151313,-0.2243968240637769
23.4431,shoulder_pitch,-0.057935572626517995,-0.12913653929460292
23.4431,elbow_pitch,0.8107103228057734,1.155757567192079
23.4431,wrist_yaw,-3.766566631619233e-07,0.0
23.4811,shoulder_yaw,-0.20011664521628353,-0.22057627220985157
23.4811,shoulder_pitch,-0.05942820921025882,-0.13314980733853324
23.4811,elbow_pitch,0.8080136475461622,1.151380001367697
23.4811,wrist_yaw,-4.605583902465242e-07,0.0
23.5164,shoulder_yaw,-0.1967658579774737,-0.21693951068131961
23.5164,shoulder_pitch,-0.06084495172376862,-0.13680987583264378
23.5164,elbow_pitch,0.8051655112029802,1.147135671238061
23.5164,wrist_yaw,-1.8099762726856687e-07,0.0
23.5549,shoulder_yaw,-0.19333137554314006,-0.21290899148551734
23.5549,shoulder_pitch,-0.06221620959482816,-0.1406929989041192
23.5549,elbow_pitch,0.8021431855512435,1.1423523291427855
23.5549,wrist_yaw,-4.1478280715550294e-07,0.0
23.5938,shoulder_yaw,-0.1897839250468296,-0.20879869015494776
23.5938,shoulder_pitch,-0.06354791901734375,-0.1444745946472453
23.5938,elbow_pitch,0.7989408524179326,1.137396950238082
23.5938,wrist_yaw,-5.494970739510082e-07,0.0
23.6324,shoulder_yaw,-0.1861083000844628,-0.2045693336124154
23.6324,shoulder_pitch,-0.06484114791976608,-0.14818678129572227
23.6324,elbow_pitch,0.795558491329305,1.132225233430023
23.6324,wrist_yaw,-6.210520041796679e-07,0.0
23.671,shoulder_yaw,-0.18232183274153949,-0.20029831067355036
23.671,shoulder_pitch,-0.06608431315668381,-0.15175990965158787
23.671,elbow_pitch,0.7920097874711133,1.126935950954936
23.671,wrist_yaw,-5.521486729680241e-07,0.0
23.7102,shoulder_yaw,-0.17844710164483749,-0.19594957812025646
23.7102,shoulder_pitch,-0.06727071938920572,-0.15522480777397196
23.7102,elbow_pitch,0.7883104944484033,1.1214896350468948
23.7102,wrist_yaw,-4.578920003413677e-07,0.0
23.749,shoulder_yaw,-0.1744850400285455,-0.1914511467105349
23.749,shoulder_pitch,-0.06840880978201071,-0.15863295206149453
23.749,elbow_pitch,0.7844674431320499,1.1157992019316583
23.749,wrist_yaw,-4.5741207630736536e-07,0.0
23.7872,shoulder_yaw,-0.17047825014118276,-0.1870214217889909
23.7872,shoulder_pitch,-0.06948142918304882,-0.16182130236327694
23.7872,elbow_pitch,0.7805103128535584,1.1101467073009041
23.7872,wrist_yaw,-2.7491711156072774e-07,0.0
23.8259,shoulder_yaw,-0.1664255706586166,-0.18243216978462928
23.8259,shoulder_pitch,-0.0705008226852006,-0.1649558624488254
23.8259,elbow_pitch,0.7764492724406861,1.1042465677189357
23.8259,wrist_yaw,-2.7993170409148425e-07,0.0
23.8645,shoulder_yaw,-0.1623256516044174,-0.177789100688584
23.8645,shoulder_pitch,-0.07147359302055975,-0.1679591489445793
23.8645,elbow_pitch,0.7722968987917156,1.0982385205664598
23.8645,wrist_yaw,-2.891246638531082e-07,0.0
23.9032,shoulder_yaw,-0.1581767592199249,-0.17308893383890137
23.9032,shoulder_pitch,-0.07240442855235427,-0.17083349618459168
23.9032,elbow_pitch,0.7680655020237523,1.092123644777036
23.9032,wrist_yaw,-2.989635066608124e-07,0.0
23.9388,shoulder_yaw,-0.15406942535522605,-0.16870850762560496
23.9388,shoulder_pitch,-0.07324787876645499,-0.17336717634351018
23.9388,elbow_pitch,0.7638136240345136,1.0864004909416578
23.9388,wrist_yaw,1.0416328938735696e-07,0.0
23.9765,shoulder_yaw,-0.14996465098187572,-0.1639814875291558
23.9765,shoulder_pitch,-0.0740455364663066,-0.17594934658504524
23.9765,elbow_pitch,0.7595340525592864,1.0802039282099922
23.9765,wrist_yaw,-6.32588085433976e-08,0.0
24.0152,shoulder_yaw,-0.14580048364460435,-0.15910242772402794
24.0152,shoulder_pitch,-0.07483309169936851,-0.17845426496138728
24.0152,elbow_pitch,0.7552101688316691,1.073791531515163
24.0152,wrist_yaw,-3.4631305142329025e-07,0.0
24.0508,shoulder_yaw,-0.14163457696365897,-0.1545600490723313
24.0508,shoulder_pitch,-0.07557075434709136,-0.1806443399274468
24.0508,elbow_pitch,0.7508830741764262,1.0678116345009074
24.0508,wrist_yaw,-8.96173439853129e-08,0.0
24.0845,shoulder_yaw,-0.137548085721569,-0.15020409256099634
24.0845,shoulder_pitch,-0.07622563401381917,-0.18261949704533215
24.0845,elbow_pitch,0.7466008745607248,1.062072355802149
24.0845,wrist_yaw,2.854525252625502e-07,0.0
24.1224,shoulder_yaw,-0.1334283195302763,-0.1452404380235454
24.1224,shoulder_pitch,-0.07687962256976881,-0.18472494057096756
24.1224,elbow_pitch,0.7423117672564667,1.055531489705753
24.1224,wrist_yaw,-2.2124056468653275e-07,0.0
24.1609,shoulder_yaw,-0.12918373193929986,-0.14015517908973102
24.1609,shoulder_pitch,-0.07756730722633125,-0.1867256962068534
24.1609,elbow_pitch,0.7379765361893629,1.0488346388064265
24.1609,wrist_yaw,-6.500093698851555e-07,0.0
24.1994,shoulder_yaw,-0.12477662477909955,-0.13501694590063212
24.1994,shoulder_pitch,-0.0782835532027073,-0.18859086672528047
24.1994,elbow_pitch,0.7335747263066879,1.0420778170518248
24.1994,wrist_yaw,-8.308257732261193e-07,0.0
24.238,shoulder_yaw,-0.12021440740209713,-0.12983206894906593
24.238,shoulder_pitch,-0.07900515204186619,-0.19031760477117798
24.238,elbow_pitch,0.7290982741501967,1.03527495671636
24.238,wrist_yaw,-8.030359333055482e-07,0.0
24.2761,shoulder_yaw,-0.1155436118560134,-0.1246556288226879
24.2761,shoulder_pitch,-0.07969881709207599,-0.19188959465584765
24.2761,elbow_pitch,0.7245530586021308,1.0285036106350995
24.2761,wrist_yaw,-5.921065514605493e-07,0.0
24.3103,shoulder_yaw,-0.11093778940310012,-0.1199934956559661
24.3103,shoulder_pitch,-0.08027730216205102,-0.19317834043616783
24.3103,elbow_pitch,0.720012312401112,1.0224265765493294
24.3103,wrist_yaw,2.147592290628665e-07,0.0
24.3477,shoulder_yaw,-0.1063803200829222,-0.11482665134032968
24.3477,shoulder_pitch,-0.0807822869466482,-0.1944688837184815
24.3477,elbow_pitch,0.7154575292822692,1.0157198165719155
24.3477,wrist_yaw,1.500514312319894e-07,0.0
24.3863,shoulder_yaw,-0.10180018735101405,-0.10944532500716041
24.3863,shoulder_pitch,-0.0812543799077269,-0.19566218066257898
24.3863,elbow_pitch,0.7108590435304825,1.0087708198856649
24.3863,wrist_yaw,-1.8561447640799797e-07,0.0
24.4253,shoulder_yaw,-0.09714550571226138,-0.10401296651019114
24.4253,shoulder_pitch,-0.08170172938206237,-0.1967138579802148
24.4253,elbow_pitch,0.7062042998093961,1.001798278097661
24.4253,wrist_yaw,-4.340582476626639e-07,0.0
24.4644,shoulder_yaw,-0.0923866132024769,-0.09851588801112865
24.4644,shoulder_pitch,-0.08211839236134869,-0.19762469477504663
24.4644,elbow_pitch,0.7014901317120749,0.9947909444734115
24.4644,wrist_yaw,-5.778209145525692e-07,0.0
24.5029,shoulder_yaw,-0.08751821794315973,-0.09296695970068637
24.5029,shoulder_pitch,-0.0824921737104557,-0.19839056329099936
24.5029,elbow_pitch,0.6967206881283599,0.9877717151651716
24.5029,wrist_yaw,-6.066712053768236e-07,0.0
24.5414,shoulder_yaw,-0.08257201715376053,-0.08745890849556054
24.5414,shoulder_pitch,-0.08280181162353227,-0.19900090120819983
24.5414,elbow_pitch,0.6919144955396558,0.9808628365116673
24.5414,wrist_yaw,-4.5854132218689306e-07,0.0
24.58,shoulder_yaw,-0.07758111136593568,-0.08191975130151971
24.58,shoulder_pitch,-0.08303763135967958,-0.19946659665145727
24.58,elbow_pitch,0.6870886024340855,0.973978552772003
24.58,wrist_yaw,-2.999762412050683e-07,0.0
24.6175,shoulder_yaw,-0.07260261821163429,-0.0764973636023014
24.6175,shoulder_pitch,-0.08318393973935383,-0.19978087751782134
24.6175,elbow_pitch,0.6822742560793188,0.9673055906853474
24.6175,wrist_yaw,-2.4917585948126586e-08,0.0
24.6561,shoulder_yaw,-0.06763153916191819,-0.07088094014010468
24.6561,shoulder_pitch,-0.0832616681650617,-0.19996089241975892
24.6561,elbow_pitch,0.6774748265951077,0.9604674128996117
24.6561,wrist_yaw,-4.403558294857971e-08,0.0
24.6932,shoulder_yaw,-0.06270397655612009,-0.06546512833094843
24.6932,shoulder_pitch,-0.08326211943493253,-0.19999618418441498
24.6932,elbow_pitch,0.6727205028041391,0.953948625632548
24.6932,wrist_yaw,1.307142484177217e-07,0.0
24.7318,shoulder_yaw,-0.057783140721568066,-0.0597984135180976
24.7318,shoulder_pitch,-0.08321500902092742,-0.19988966496807417
24.7318,elbow_pitch,0.6680067150102383,0.9472112552363868
24.7318,wrist_yaw,-4.155502697283379e-08,0.0
24.7666,shoulder_yaw,-0.05295621406684348,-0.054693245370467866
24.7666,shoulder_pitch,-0.08308198430609033,-0.19966959640897974
24.7666,elbow_pitch,0.6633927628740789,0.9412182839278502
24.7666,wrist_yaw,3.813683439579339e-07,0.0
24.8054,shoulder_yaw,-0.048135383041268784,-0.048960250148281155
24.8054,shoulder_pitch,-0.08292451098386172,-0.1992838402010311
24.8054,elbow_pitch,0.6588482842961965,0.9345792452742067
24.8054,wrist_yaw,-3.4729256144054074e-08,0.0
24.8412,shoulder_yaw,-0.043344127591475275,-0.04365575030290029
24.8412,shoulder_pitch,-0.08272672984971424,-0.1987976555115671
24.8412,elbow_pitch,0.6544008918297322,0.928525953838208
24.8412,wrist_yaw,7.483503753662016e-08,0.0
24.8791,shoulder_yaw,-0.038107229537876076,-0.038051259867304545
24.8791,shoulder_pitch,-0.08251515928469053,-0.19815034340238216
24.8791,elbow_pitch,0.6500366051613629,0.9222279162640027
24.8791,wrist_yaw,-2.2481835224811372e-06,0.0
24.918,shoulder_yaw,-0.032291218693974444,-0.032217493324005864
24.918,shoulder_pitch,-0.08231365986248043,-0.19733205872075887
24.918,elbow_pitch,0.6457276343144006,0.9157832078847805
24.918,wrist_yaw,-2.9418188493466614e-06,0.0
24.9545,shoulder_yaw,-0.02679350587165223,-0.026847353385466635
24.9545,shoulder_pitch,-0.08208045088888012,-0.1964496425728657
24.9545,elbow_pitch,0.641503589131742,0.9099547654284381
24.9545,wrist_yaw,1.4733101156581826e-06,0.0
24.9928,shoulder_yaw,-0.021100516678577895,-0.021081798465036064
24.9928,shoulder_pitch,-0.08183057876892859,-0.19536551701066548
24.9928,elbow_pitch,0.6373450834349175,0.9038125495309152
24.9928,wrist_yaw,-9.984892435835887e-07,0.0
25.0314,shoulder_yaw,-0.015270850665823328,-0.015260475611877924
25.0314,shoulder_pitch,-0.08156370649225618,-0.19412828711101604
25.0314,elbow_pitch,0.6332387698324096,0.8977366735645301
25.0314,wrist_yaw,-7.656696777906739e-07,0.0
25.069,shoulder_yaw,-0.009586614746740555,-0.009614718720787343
25.069,shoulder_pitch,-0.08125584243486489,-0.19279238468593418
25.069,elbow_pitch,0.6291949938788016,0.8919691583689111
25.069,wrist_yaw,6.505902459460754e-07,0.0
25.1061,shoulder_yaw,-0.0040197205090067335,-0.004043292171063921
25.1061,shoulder_pitch,-0.08088951453278426,-0.19134355766507327
25.1061,elbow_pitch,0.6252273506299983,0.8864025874825628
25.1061,wrist_yaw,5.315162652923495e-07,0.0
25.1444,shoulder_yaw,0.0016856479505086852,0.0016968970443942883
25.1444,shoulder_pitch,-0.08047054982306066,-0.1897159298019898
25.1444,elbow_pitch,0.6213314317118607,0.8808016799890739
25.1444,wrist_yaw,-7.487625757407138e-07,0.0
25.1818,shoulder_yaw,0.0073216650564432465,0.0073055769657972055
25.1818,shoulder_pitch,-0.07999168757545332,-0.18799390539172345
25.1818,elbow_pitch,0.6175173089665611,0.8754650565903509
25.1818,wrist_yaw,2.752385425376276e-07,0.0
25.2204,shoulder_yaw,0.013073116256441485,0.013081809596347397
25.2204,shoulder_pitch,-0.07946200657924683,-0.18608488540252996
25.2204,elbow_pitch,0.6137803508825105,0.8701140498366433
25.2204,wrist_yaw,-6.26625167578199e-07,0.0
25.2589,shoulder_yaw,0.01885796314597458,0.018856185058108814
25.2589,shoulder_pitch,-0.07888263754423236,-0.184039403961628
25.2589,elbow_pitch,0.6101215580093023,0.8649165647871545
25.2589,wrist_yaw,-2.312417530859558e-07,0.0
25.2976,shoulder_yaw,0.024634117812632604,0.02462726156232368
25.2976,shoulder_pitch,-0.07825165143999113,-0.18185846275235024
25.2976,elbow_pitch,0.6065454308732292,0.8598784936475719
25.2976,wrist_yaw,-7.96510995363353e-09,0.0
25.3342,shoulder_yaw,0.03013823081927553,0.03009816274678692
25.3342,shoulder_pitch,-0.0775539018392001,-0.17966503046669224
25.3342,elbow_pitch,0.6030773290678024,0.8552512968153398
25.3342,wrist_yaw,1.3210707299661962e-06,0.0
25.3696,shoulder_yaw,0.035016121461093855,0.03535079813886152
25.3696,shoulder_pitch,-0.07678386511560477,-0.17744386331230055
25.3696,elbow_pitch,0.599745716082575,0.8509489900298856
25.3696,wrist_yaw,3.129148286873262e-06,0.0
25.4037,shoulder_yaw,0.039371556901213974,0.040466388515457176
25.4037,shoulder_pitch,-0.07595057059228867,-0.17517213789686648
25.4037,elbow_pitch,0.5965729063083864,0.846894700434062
25.4037,wrist_yaw,2.6312619239771725e-06,0.0
25.4376,shoulder_yaw,0.043372991147091304,0.04550420284728439
25.4376,shoulder_pitch,-0.07507286263087565,-0.1728302474654059
25.4376,elbow_pitch,0.5935723493776586,0.8430364917733211
25.4376,wrist_yaw,1.773313712544369e-06,0.0
25.4727,shoulder_yaw,0.04724248761650116,0.05070336891208869
25.4727,shoulder_pitch,-0.07417875330809888,-0.1703042770640483
25.4727,elbow_pitch,0.5907384162758709,0.8391983131178928
25.4727,wrist_yaw,6.489041513447908e-07,0.0
25.5115,shoulder_yaw,0.05125530823245718,0.05639040256299683
25.5115,shoulder_pitch,-0.07329811606140159,-0.16741416714791935
25.5115,elbow_pitch,0.5880396170320236,0.8351715954807728
25.5115,wrist_yaw,-7.509565513321288e-07,0.0
25.5502,shoulder_yaw,0.0555876334260867,0.06210860296831189
25.5502,shoulder_pitch,-0.07243086718391967,-0.1643739547158693
25.5502,elbow_pitch,0.5854564325131705,0.8313087577132706
25.5502,wrist_yaw,-1.6548545340889633e-06,0.0
25.5887,shoulder_yaw,0.06028958639503682,0.06775528108314063
25.5887,shoulder_pitch,-0.07155971941386316,-0.16123918361620884
25.5887,elbow_pitch,0.5829818112119121,0.8276825688681514
25.5887,wrist_yaw,-1.913739661898476e-06,0.0
25.6273,shoulder_yaw,0.06531935903431187,0.07338239272894
25.6273,shoulder_pitch,-0.07066488552801664,-0.1579836350271054
25.6273,elbow_pitch,0.5806134977321612,0.8242605651162092
25.6273,wrist_yaw,-1.7008637528660883e-06,0.0
25.6659,shoulder_yaw,0.07057356038251367,0.07897061616303543
25.6659,shoulder_pitch,-0.0697289923613041,-0.15461985842256826
25.6659,elbow_pitch,0.5783528591969713,0.8210570310261499
25.6659,wrist_yaw,-1.171738138995364e-06,0.0
25.7043,shoulder_yaw,0.07592286458511067,0.08450909841856516
25.7043,shoulder_pitch,-0.06873964173089062,-0.15115671062051836
25.7043,elbow_pitch,0.5762038234241309,0.8180791441195823
25.7043,wrist_yaw,-5.077827713544395e-07,0.0
25.7389,shoulder_yaw,0.08114770434663586,0.0894527149071832
25.7389,shoulder_pitch,-0.06768844875762474,-0.14795607100931682
25.7389,elbow_pitch,0.5741883144656639,0.8155915195137815
25.7389,wrist_yaw,6.175311244032185e-07,0.0
25.7779,shoulder_yaw,0.0862199872301859,0.09499920071424624
25.7779,shoulder_pitch,-0.06658270616997244,-0.14424130565699694
25.7779,elbow_pitch,0.5723018844447645,0.8129972886489698
25.7779,wrist_yaw,7.736661256209271e-07,0.0
25.8152,shoulder_yaw,0.09110519025108588,0.10029171474444427
25.8152,shoulder_pitch,-0.0654261684919867,-0.14057356639449986
25.8152,elbow_pitch,0.5705497126993466,0.8107212968428443
25.8152,wrist_yaw,9.484077082840932e-07,0.0
25.8537,shoulder_yaw,0.09584882838491143,0.1057716655258432
25.8537,shoulder_pitch,-0.0642214889099388,-0.13664809167232686
25.8537,elbow_pitch,0.5689325187292542,0.8085759939769745
25.8537,wrist_yaw,7.206057361097699e-07,0.0
25.8922,shoulder_yaw,0.10049653834766419,0.11115965435717852
25.8922,shoulder_pitch,-0.06297027504669812,-0.13266037446454057
25.8922,elbow_pitch,0.5674545406270116,0.8066824886749047
25.8922,wrist_yaw,4.868956056854657e-07,0.0
25.9309,shoulder_yaw,0.10509280862543835,0.1165019460003274
25.9309,shoulder_pitch,-0.06167441978645736,-0.12857962778982737
25.9309,elbow_pitch,0.5661210954483495,0.8050226773992268
25.9309,wrist_yaw,2.610451555916326e-07,0.0
25.9655,shoulder_yaw,0.10958167769649393,0.12129399714872877
25.9655,shoulder_pitch,-0.060348232863061596,-0.12481043915765114
25.9655,elbow_pitch,0.564942104079946,0.8037236214166824
25.9655,wrist_yaw,5.478865058020219e-07,0.0
26.0002,shoulder_yaw,0.11392765968207764,0.12599782722141792
26.0002,shoulder_pitch,-0.05900607237523187,-0.1210093823112322
26.0002,elbow_pitch,0.5639245050057546,0.802628047616773
26.0002,wrist_yaw,7.359552192447131e-07,0.0
26.0388,shoulder_yaw,0.11823025060381041,0.13123279568406396
26.0388,shoulder_pitch,-0.05764107192314626,-0.11665960453252387
26.0388,elbow_pitch,0.5630715064969134,0.801624001793565
26.0388,wrist_yaw,2.3077243504400946e-07,0.0
26.0756,shoulder_yaw,0.12249371100785951,0.13603899803407107
26.0756,shoulder_pitch,-0.056263595607941,-0.11255363450985577
26.0756,elbow_pitch,0.5623838074930664,0.8009077617851991
26.0756,wrist_yaw,2.042295356601022e-07,0.0
26.1151,shoulder_yaw,0.12682400104734248,0.14136702817552088
26.1151,shoulder_pitch,-0.05485644963285759,-0.10787400008116164
26.1151,elbow_pitch,0.5618649849429247,0.800351055043506
26.1151,wrist_yaw,-3.314302793518084e-07,0.0
26.1509,shoulder_yaw,0.13117982229468286,0.1461198652861368
26.1509,shoulder_pitch,-0.05343531059224715,-0.10358417814017301
26.1509,elbow_pitch,0.5615106115186126,0.800071650627445
26.1509,wrist_yaw,-1.2429037741644687e-07,0.0
26.189,shoulder_yaw,0.1355597157694871,0.1510606031998936
26.189,shoulder_pitch,-0.05199584790006539,-0.09900730000204377
26.189,elbow_pitch,0.5613211421323431,0.8000054121891751
26.189,wrist_yaw,-1.0895356702488582e-07,0.0
26.2271,shoulder_yaw,0.13995594672045822,0.15599064243154853
26.2271,shoulder_pitch,-0.05053333912625906,-0.09431867907424811
26.2271,elbow_pitch,0.5612968193626845,0.8001745998275736
26.2271,wrist_yaw,-6.814223260452185e-08,0.0
26.2662,shoulder_yaw,0.14437053088816576,0.16098053253691155
26.2662,shoulder_pitch,-0.04903862132997787,-0.08944678268550746
26.2662,elbow_pitch,0.5614396819443901,0.8005933899166481
26.2662,wrist_yaw,-7.54848205452774e-08,0.0
26.3033,shoulder_yaw,0.1487382968840325,0.16563629680323919
26.3033,shoulder_pitch,-0.047527338873900246,-0.08478392639613545
26.3033,elbow_pitch,0.5617420907128283,0.8012165422009283
26.3033,wrist_yaw,2.58080417920435e-07,0.0
26.3395,shoulder_yaw,0.1529879546846606,0.17011446487347018
26.3395,shoulder_pitch,-0.04601496544967883,-0.08018973436335099
26.3395,elbow_pitch,0.5621955609501391,0.8020349872003275
26.3395,wrist_yaw,6.257017298325706e-07,0.0
26.3742,shoulder_yaw,0.15705128959037656,0.17437300436471045
26.3742,shoulder_pitch,-0.04451848163925099,-0.07571920086211298
26.3742,elbow_pitch,0.5627894086556839,0.8030193693955741
26.3742,wrist_yaw,9.745834278201332e-07,0.0
26.4097,shoulder_yaw,0.1609323156568982,0.17869988435662273
26.4097,shoulder_pitch,-0.04302982783483358,-0.07107294079529612
26.4097,elbow_pitch,0.5635233174811045,0.8042324203763995
26.4097,wrist_yaw,9.555478068484358e-07,0.0
26.4468,shoulder_yaw,0.16467282186180232,0.18302133281030555
26.4468,shoulder_pitch,-0.04153679730368256,-0.06632520146361705
26.4468,elbow_pitch,0.5643991916394989,0.8056656985352958
26.4468,wrist_yaw,7.412268469902786e-07,0.0
26.4849,shoulder_yaw,0.168390105126533,0.18763154904324203
26.4849,shoulder_pitch,-0.03999924171210917,-0.06113862602877921
26.4849,elbow_pitch,0.5654350820590438,0.8074483215875764
26.4849,wrist_yaw,1.4617213994312613e-07,0.0
26.5192,shoulder_yaw,0.1720493289326798,0.19160856316261657
26.5192,shoulder_pitch,-0.03846230896668153,-0.05656060467275249
26.5192,elbow_pitch,0.5666063387550855,0.8092044798995051
26.5192,wrist_yaw,3.181902459866413e-07,0.0
26.5559,shoulder_yaw,0.1756866274568739,0.19583115356573297
26.5559,shoulder_pitch,-0.036910244618718,-0.051591361306070165
26.5559,elbow_pitch,0.5679182220651477,0.8112992613806294
26.5559,wrist_yaw,1.42382691100161e-07,0.0
26.5943,shoulder_yaw,0.17933905700283737,0.20008301110727517
26.5943,shoulder_pitch,-0.035325965490840563,-0.046471052857159544
26.5943,elbow_pitch,0.5693790349640211,0.8136577729461144
26.5943,wrist_yaw,-4.550782904778607e-08,0.0
26.6334,shoulder_yaw,0.18306004020874903,0.20448623575311994
26.6334,shoulder_pitch,-0.03367996858217168,-0.04104066574424092
26.6334,elbow_pitch,0.5710077529162036,0.8163753593940495
26.6334,wrist_yaw,-3.123756140264596e-07,0.0
26.6687,shoulder_yaw,0.18676071470636924,0.20834387831037668
26.6687,shoulder_pitch,-0.03202977021307132,-0.03617226327081
26.6687,elbow_pitch,0.5727750914816606,0.81899651767197
26.6687,wrist_yaw,1.3470152228579963e-07,0.0
26.7079,shoulder_yaw,0.1904443953298211,0.21250277764652034
26.7079,shoulder_pitch,-0.030116061080624243,-0.030803044937771
26.7079,elbow_pitch,0.5747622432908753,0.8220854664163013
26.7079,wrist_yaw,1.2628916408699776e-07,0.0
26.7442,shoulder_yaw,0.19404540377368668,0.21631423718026055
26.7442,shoulder_pitch,-0.02711299419927454,-0.02576798229003622
26.7442,elbow_pitch,0.5771766367925364,0.8251672680087192
26.7442,wrist_yaw,4.5634275065661024e-07,0.0
26.7809,shoulder_yaw,0.19752987878347855,0.220098649207775
26.7809,shoulder_pitch,-0.022696899540433475,-0.020655698564501127
26.7809,elbow_pitch,0.5800243896679326,0.8284762191027046
26.7809,wrist_yaw,6.432247551127455e-07,0.0
26.8198,shoulder_yaw,0.20092072826256377,0.22397267062968815
26.8198,shoulder_pitch,-0.016959431873094403,-0.01530047324731878
26.8198,elbow_pitch,0.5831760577888288,0.8321334879062404
26.8198,wrist_yaw,5.461348793022789e-07,0.0
26.8619,shoulder_yaw,0.20426763184536795,0.22789266692157065
26.8619,shoulder_pitch,-0.01028739171062802,-0.00974996204068155
26.8619,elbow_pitch,0.5864346888599963,0.8361271585355785
26.8619,wrist_yaw,3.131117150291579e-07,0.0
26.8981,shoulder_yaw,0.20758153362094037,0.23165505278331588
26.8981,shoulder_pitch,-0.003256973232634915,-0.004291357654602151
26.8981,elbow_pitch,0.589582664433722,0.8402533033311937
26.8981,wrist_yaw,2.673794536118476e-07,0.0
26.9367,shoulder_yaw,0.21084936362762854,0.23528970989429163
26.9367,shoulder_pitch,0.003585762908742011,0.001110900891684848
26.9367,elbow_pitch,0.5924676603122736,0.8445282191656115
26.9367,wrist_yaw,3.3384143509606857e-07,0.0
26.9757,shoulder_yaw,0.21406469700217845,0.2388806106356975
26.9757,shoulder_pitch,0.009903618748550842,0.006579937674788723
26.9757,elbow_pitch,0.5950611390326721,0.8490476749101001
26.9757,wrist_yaw,3.5965865214000106e-07,0.0
27.0135,shoulder_yaw,0.21719610063155187,0.24229951649377135
27.0135,shoulder_pitch,0.015555787012548871,0.011916308673931906
27.0135,elbow_pitch,0.5974255563964689,0.8536415965807683
27.0135,wrist_yaw,4.997308338986786e-07,0.0
27.0518,shoulder_yaw,0.22022234871034185,0.24562092037526545
27.0518,shoulder_pitch,0.020617775020169204,0.017229113769178014
27.0518,elbow_pitch,0.599703599344452,0.8583943931729272
27.0518,wrist_yaw,5.893806529681268e-07,0.0
27.0872,shoulder_yaw,0.22308300949766657,0.24863944500063143
27.0872,shoulder_pitch,0.025213318713420918,0.022174683298941268
27.0872,elbow_pitch,0.6020241753810821,0.8629782943141318
27.0872,wrist_yaw,8.647709099468187e-07,0.0
27.1241,shoulder_yaw,0.2257903045213033,0.2516688276742594
27.1241,shoulder_pitch,0.029604865864413937,0.027258016334555137
27.1241,elbow_pitch,0.6045464669439199,0.8678495176034764
27.1241,wrist_yaw,7.982880163257141e-07,0.0
27.163,shoulder_yaw,0.2284296913394652,0.25482230909475995
27.163,shoulder_pitch,0.03224532266169066,0.03268663947338206
27.163,elbow_pitch,0.6069108335757981,0.8732297117597693
27.163,wrist_yaw,3.878609392949088e-07,0.0
27.1986,shoulder_yaw,0.23097384678188737,0.25758674337671766
27.1986,shoulder_pitch,0.03400240545769377,0.03756942271540371
27.1986,elbow_pitch,0.6094846254281542,0.8782257732622641
27.1986,wrist_yaw,4.914198837026515e-07,0.0
27.2366,shoulder_yaw,0.23345562050043198,0.2604342631381576
27.2366,shoulder_pitch,0.03539701380546829,0.04272995859306898
27.2366,elbow_pitch,0.6124827179542554,0.8836674372933228
27.2366,wrist_yaw,3.329685271944534e-07,0.0
27.2749,shoulder_yaw,0.23590403029848192,0.26324606674912765
27.2749,shoulder_pitch,0.03667464192715654,0.04796750100286329
27.2749,elbow_pitch,0.6159829043672213,0.8893601335777749
27.2749,wrist_yaw,1.9447452401979947e-07,0.0
27.3138,shoulder_yaw,0.23833278229144816,0.26600693074041143
27.3138,shoulder_pitch,0.03792273515234795,0.05326016565771413
27.3138,elbow_pitch,0.6199744788963347,0.8952870817254458
27.3138,wrist_yaw,1.327971904570402e-07,0.0
27.3508,shoulder_yaw,0.24069333616356012,0.26853653856943177
27.3508,shoulder_pitch,0.039105340344786924,0.05825301572185607
27.3508,elbow_pitch,0.6243586953315692,0.9010397085322099
27.3508,wrist_yaw,3.6039559582043996e-07,0.0
27.3898,shoulder_yaw,0.24297839218342523,0.2710695411468502
27.3898,shoulder_pitch,0.0402288360478338,0.06340467664403525
27.3898,elbow_pitch,0.6290515990317157,0.9071406901386143
27.3898,wrist_yaw,3.973968086370649e-07,0.0
27.4262,shoulder_yaw,0.24514496405884192,0.27337645912611136
27.4262,shoulder_pitch,0.04125566470421516,0.06824354651210783
27.4262,elbow_pitch,0.6339295716459437,0.913025503827297
27.4262,wrist_yaw,5.92361184112096e-07,0.0
27.4654,shoulder_yaw,0.24722118858594921,0.2757437876255082
27.4654,shoulder_pitch,0.042246623271072876,0.0733722182377709
27.4654,elbow_pitch,0.63893308172825,0.9194275952114156
27.4654,wrist_yaw,4.6237454916808693e-07,0.0
27.5029,shoulder_yaw,0.24919900954984697,0.2779201249775857
27.5029,shoulder_pitch,0.04321140182780584,0.07825120366182883
27.5029,elbow_pitch,0.6439772902721224,0.9256773923296147
27.5029,wrist_yaw,4.933010347452544e-07,0.0
27.5423,shoulder_yaw,0.25108765562537666,0.2800356448396725
27.5423,shoulder_pitch,0.04419170651448236,0.08316506191111744
27.5423,elbow_pitch,0.649009964012739,0.9321312434374636
27.5423,wrist_yaw,4.4891063075116917e-07,0.0
27.5811,shoulder_yaw,0.25290873420487914,0.28210777110331925
27.5811,shoulder_pitch,0.04524565352065574,0.08816572514450001
27.5811,elbow_pitch,0.6540113383121935,0.9388660972188718
27.5811,wrist_yaw,3.476759909984014e-07,0.0
27.6207,shoulder_yaw,0.2546627010391096,0.2840611221091019
27.6207,shoulder_pitch,0.04639666790120792,0.09307687367418316
27.6207,elbow_pitch,0.6589613556864045,0.9456475550291675
27.6207,wrist_yaw,3.422634362787371e-07,0.0
27.6605,shoulder_yaw,0.2563447647949777,0.2859213493121862
27.6605,shoulder_pitch,0.04765965472616075,0.09796267897477783
27.6605,elbow_pitch,0.663854503112566,0.9525620546688617
27.6605,wrist_yaw,3.6158332653566356e-07,0.0
27.697,shoulder_yaw,0.25791159308978623,0.2875596710138083
27.697,shoulder_pitch,0.04897957675350603,0.10246535740585988
27.697,elbow_pitch,0.6686472555020286,0.959086372731471
27.697,wrist_yaw,5.504730690917923e-07,0.0
27.7366,shoulder_yaw,0.25936796325463235,0.28917044412082304
27.7366,shoulder_pitch,0.05037715687895983,0.10711083101447755
27.7366,elbow_pitch,0.6733577260546494,0.9659745646985383
27.7366,wrist_yaw,5.261866328364477e-07,0.0
27.7758,shoulder_yaw,0.26072785003065324,0.2906949167690478
27.7758,shoulder_pitch,0.05186673581307887,0.111749986406235
27.7758,elbow_pitch,0.678016966556807,0.9730172245742057
27.7758,wrist_yaw,4.587782681675597e-07,0.0
27.8138,shoulder_yaw,0.2619793487319927,0.29204308982149924
27.8138,shoulder_pitch,0.05340007717629857,0.11609576047758591
27.8138,elbow_pitch,0.6826193003766233,0.9797679212453646
27.8138,wrist_yaw,5.057231662526869e-07,0.0
27.8529,shoulder_yaw,0.2631312740389089,0.29332178666830816
27.8529,shoulder_pitch,0.05497324374889266,0.12048337622992292
27.8529,elbow_pitch,0.6871921822246082,0.9867396060460897
27.8529,wrist_yaw,4.635308384248132e-07,0.0
27.8926,shoulder_yaw,0.2641966626608417,0.2945152428853235
27.8926,shoulder_pitch,0.05658909274711265,0.12487956889514257
27.8926,elbow_pitch,0.6917745181532756,0.993888329971459
27.8926,wrist_yaw,4.0218816248806073e-07,0.0
27.9299,shoulder_yaw,0.26516010795203904,0.2955351506925333
27.9299,shoulder_pitch,0.05818328515966547,0.12894126306386905
27.9299,elbow_pitch,0.6963532009650156,1.0006447415352928
27.9299,wrist_yaw,4.637189037812837e-07,0.0
27.9689,shoulder_yaw,0.2660289575308732,0.29649318484907655
27.9689,shoulder_pitch,0.05976232035439594,0.13310650628109638
27.9689,elbow_pitch,0.700959046018731,1.0077317437343203
27.9689,wrist_yaw,4.2863143172195005e-07,0.0
28.005,shoulder_yaw,0.26678631809105924,0.2972749623228288
28.005,shoulder_pitch,0.06125601813265162,0.13685894462264933
28.005,elbow_pitch,0.705556762671713,1.014260442041742
28.005,wrist_yaw,4.947102345405296e-07,0.0
28.0439,shoulder_yaw,0.26744358824734915,0.2979993042674204
28.0439,shoulder_pitch,0.0626919188889832,0.14075560651104183
28.0439,elbow_pitch,0.710171633875038,1.021192403655087
28.0439,wrist_yaw,4.4215280047658713e-07,0.0
28.0827,shoulder_yaw,0.2680073489911885,0.29861170990384345
28.0827,shoulder_pitch,0.06407734523796096,0.14454538182571397
28.0827,elbow_pitch,0.7148149445799452,1.0280917368202904
28.0827,wrist_yaw,4.087553721038492e-07,0.0
28.1182,shoulder_yaw,0.26846840881085055,0.29907704558158005
28.1182,shoulder_pitch,0.06535233221562356,0.1479410002715027
28.1182,elbow_pitch,0.719436140664007,1.034413638865191
28.1182,wrist_yaw,4.4224001156944517e-07,0.0
28.1532,shoulder_yaw,0.2688276336518149,0.29944559366321205
28.1532,shoulder_pitch,0.06650712002954501,0.15122239382095987
28.1532,elbow_pitch,0.7240043221798395,1.0406568903857596
28.1532,wrist_yaw,4.340458364151815e-07,0.0
28.192,shoulder_yaw,0.26909881944136826,0.2997423290817121
28.192,shoulder_pitch,0.06762402854009242,0.15471314075525922
28.192,elbow_pitch,0.7285616235856032,1.0474531700138014
28.192,wrist_yaw,3.7208294413196013e-07,0.0
28.2264,shoulder_yaw,0.26928063437648553,0.2999115876123377
28.2264,shoulder_pitch,0.06865221210949551,0.15771496047225067
28.2264,elbow_pitch,0.7330522649255875,1.053434561416327
28.2264,wrist_yaw,3.7265654835776626e-07,0.0
28.2633,shoulder_yaw,0.2693770096738199,0.29999504326963955
28.2633,shoulder_pitch,0.0696407595867146,0.1608520860610276
28.2633,elbow_pitch,0.7374925778157907,1.059831960796642
28.2633,wrist_yaw,3.5281553547726136e-07,0.0
28.2992,shoulder_yaw,0.2693888105002801,0.29997818903428985
28.2992,shoulder_pitch,0.07058619323050998,0.1637648398434477
28.2992,elbow_pitch,0.7418653877000675,1.0659171212287488
28.2992,wrist_yaw,3.4514417849505396e-07,0.0
28.3375,shoulder_yaw,0.26931425624863176,0.2998588581260878
28.3375,shoulder_pitch,0.0715223947747259,0.1667013142217315
28.3375,elbow_pitch,0.7461874934342586,1.072206744508692
28.3375,wrist_yaw,3.484731339249554e-07,0.0
28.3726,shoulder_yaw,0.26915244328124444,0.2996423204580966
28.3726,shoulder_pitch,0.07244176034980325,0.16945660759074077
28.3726,elbow_pitch,0.7504505419003893,1.0782638957467328
28.3726,wrist_yaw,3.4829980877043407e-07,0.0
28.4076,shoulder_yaw,0.26890781925630824,0.2993430125444092
28.4076,shoulder_pitch,0.07331290863422166,0.17198758348730772
28.4076,elbow_pitch,0.7546234564859231,1.0839748393449486
28.4076,wrist_yaw,3.267981680388491e-07,0.0
28.4451,shoulder_yaw,0.2685721204179005,0.2989168245621175
28.4451,shoulder_pitch,0.07418025755201028,0.17461581351415933
28.4451,elbow_pitch,0.7587370455180156,1.0900713321885867
28.4451,wrist_yaw,3.556326163796498e-07,0.0
28.4819,shoulder_yaw,0.26814504665164574,0.2984007558072081
28.4819,shoulder_pitch,0.07503554254742578,0.17705633227175616
28.4819,elbow_pitch,0.76278985875662,1.0959028724239617
28.4819,wrist_yaw,3.5340442545271993e-07,0.0
28.5213,shoulder_yaw,0.26761177849869017,0.297735586690316
28.5213,shoulder_pitch,0.07591045289846608,0.179546821055473
28.5213,elbow_pitch,0.7668193251955919,1.102046940471058
28.5213,wrist_yaw,4.0721009352770303e-07,0.0
28.563,shoulder_yaw,0.26695447189256993,0.29691913334197695
28.563,shoulder_pitch,0.07681960591855487,0.1820005354942796
28.563,elbow_pitch,0.7708627238778218,1.1083213093465532
28.563,wrist_yaw,4.7251563077451044e-07,0.0
28.6024,shoulder_yaw,0.2661776480425594,0.2960060353496492
28.6024,shoulder_pitch,0.07771885655474635,0.18424195100692473
28.6024,elbow_pitch,0.7749109937246395,1.1142787318618377
28.6024,wrist_yaw,4.499940050632351e-07,0.0
28.6402,shoulder_yaw,0.2653008726740125,0.295011814770221
28.6402,shoulder_pitch,0.07855217119467912,0.18627230199587624
28.6402,elbow_pitch,0.7789293269576102,1.1198975301427585
28.6402,wrist_yaw,3.6905796955563306e-07,0.0
28.6789,shoulder_yaw,0.264335016452439,0.29390722421187726
28.6789,shoulder_pitch,0.07929603848627359,0.1881688937629006
28.6789,elbow_pitch,0.7828914061276585,1.125377007522575
28.6789,wrist_yaw,3.2276068825037004e-07,0.0
28.7149,shoulder_yaw,0.263308084459322,0.2927717200083429
28.7149,shoulder_pitch,0.07991638961616795,0.18982368691864326
28.7149,elbow_pitch,0.7867452332471582,1.1303805454281861
28.7149,wrist_yaw,2.1321999745513453e-07,0.0
28.7493,shoulder_yaw,0.2622479772931067,0.2916090063353591
28.7493,shoulder_pitch,0.08039944487874265,0.1912777222039987
28.7493,elbow_pitch,0.7904372575775168,1.134988562634234
28.7493,wrist_yaw,1.0539981491245387e-07,0.0
28.7848,shoulder_yaw,0.2611348894861481,0.29030344223077126
28.7848,shoulder_pitch,0.08079334614104298,0.19267925560162413
28.7848,elbow_pitch,0.7939622460705991,1.1396648002942023
28.7848,wrist_yaw,1.792275724991817e-07,0.0
28.8229,shoulder_yaw,0.2599202299642517,0.2888197560038685
28.8229,shoulder_pitch,0.08116258656459194,0.19403201608952642
28.8229,elbow_pitch,0.7973461530185221,1.1444594094978116
28.8229,wrist_yaw,3.6165300583414e-07,0.0
28.8619,shoulder_yaw,0.25856424792626687,0.28717578893483814
28.8619,shoulder_pitch,0.08154678283592398,0.1952882827687623
28.8619,elbow_pitch,0.8006173830658165,1.1492436645877624
28.8619,wrist_yaw,5.086246702714047e-07,0.0
28.9002,shoulder_yaw,0.2570869145275521,0.28549632867044655
28.9002,shoulder_pitch,0.08193051891949138,0.19635490381181933
28.9002,elbow_pitch,0.8037695140374838,1.1536563756523246
28.9002,wrist_yaw,4.3110808098483025e-07,0.0
28.9393,shoulder_yaw,0.25547880140845247,0.2836197093978595
28.9393,shoulder_pitch,0.08231906969179147,0.1973311892445902
28.9393,elbow_pitch,0.8068184436473965,1.1581119432974112
28.9393,wrist_yaw,4.609241511738289e-07,0.0
28.9787,shoulder_yaw,0.25375848145098645,0.28166751512064225
28.9787,shoulder_pitch,0.08269254800246746,0.19814351639332234
28.9787,elbow_pitch,0.8097616285288131,1.1622958929136322
28.9787,wrist_yaw,3.900214606291743e-07,0.0
29.0151,shoulder_yaw,0.25197152382667803,0.2796993373172996
29.0151,shoulder_pitch,0.08301887979298107,0.19878389379931893
29.0151,elbow_pitch,0.8125785946686779,1.1661151198454827
29.0151,wrist_yaw,2.1974819458156274e-07,0.0
29.0544,shoulder_yaw,0.25009758339303134,0.27752303667462486
29.0544,shoulder_pitch,0.08330241820699957,0.19931254779304466
29.0544,elbow_pitch,0.8152757813212302,1.1699345864368216
29.0544,wrist_yaw,2.9170298310120765e-07,0.0
29.0922,shoulder_yaw,0.2481622094780615,0.2753584952708159
29.0922,shoulder_pitch,0.08352586786956177,0.19967602982909027
29.0922,elbow_pitch,0.8178371434521439,1.173365773614277
29.0922,wrist_yaw,1.996769209996341e-07,0.0
29.1285,shoulder_yaw,0.24617541545344357,0.2731155887042473
29.1285,shoulder_pitch,0.083685387986205,0.19990326371971803
29.1285,elbow_pitch,0.8202519563259211,1.1765803870175673
29.1285,wrist_yaw,1.620163279900241e-07,0.0
29.1664,shoulder_yaw,0.24411142016785556,0.2707207940351103
29.1664,shoulder_pitch,0.08379169840733727,0.1999978448869965
29.1664,elbow_pitch,0.8225220778094886,1.1796726223951373
29.1664,wrist_yaw,2.556856344484708e-07,0.0
29.2042,shoulder_yaw,0.2419564631374309,0.2682368636221547
29.2042,shoulder_pitch,0.08385047995644614,0.19995273856818846
29.2042,elbow_pitch,0.8246472949055456,1.1825486181829266
29.2042,wrist_yaw,3.0654599415827295e-07,0.0
29.2391,shoulder_yaw,0.23975968664691302,0.26582108878238714
29.2391,shoulder_pitch,0.08385378285485381,0.19978400598053903
29.2391,elbow_pitch,0.8266122601854822,1.185054738177951
29.2391,wrist_yaw,1.3037363127047423e-07,0.0
29.2766,shoulder_yaw,0.23747989151453544,0.26315724550686087
29.2766,shoulder_pitch,0.08381660553519273,0.19946989255075245
29.2766,elbow_pitch,0.8284246605789074,1.1875176605179474
29.2766,wrist_yaw,2.767035172421049e-07,0.0
29.3159,shoulder_yaw,0.2350721566357904,0.26032673558957653
29.3159,shoulder_pitch,0.08374779199026053,0.19900362508163646
29.3159,elbow_pitch,0.8300937118257521,1.1898214348194704
29.3159,wrist_yaw,4.4027950426640157e-07,0.0
29.3528,shoulder_yaw,0.2325581871358336,0.25748673022575935
29.3528,shoulder_pitch,0.083642218703289,0.19841199785362357
29.3528,elbow_pitch,0.8316173945525727,1.1918380976201668
29.3528,wrist_yaw,3.6398145418322735e-07,0.0
29.3902,shoulder_yaw,0.22996576731194793,0.25457801942786307
29.3902,shoulder_pitch,0.08349534574439488,0.19768958668969774
29.3902,elbow_pitch,0.8329928565318938,1.1936240962084996
29.3902,wrist_yaw,2.640092067783301e-07,0.0
29.4293,shoulder_yaw,0.2272539514630521,0.25141411753119364
29.4293,shoulder_pitch,0.08330818331178348,0.1967821551142249
29.4293,elbow_pitch,0.8342250835406526,1.1952727634716775
29.4293,wrist_yaw,4.0987169887788704e-07,0.0
29.4635,shoulder_yaw,0.2245545178357899,0.24857856324156133
29.4635,shoulder_pitch,0.0830715400071701,0.19587041721994322
29.4635,elbow_pitch,0.8353004068730139,1.1965105834925494
29.4635,wrist_yaw,-5.375632284598319e-08,0.0
29.4995,shoulder_yaw,0.22186717440365283,0.2455542160584309
29.4995,shoulder_pitch,0.08278956975921917,0.1948037727820089
29.4995,elbow_pitch,0.8362173216038772,1.1975998640257295
29.4995,wrist_yaw,-5.6298489761382464e-08,0.0
29.5378,shoulder_yaw,0.2190652069634799,0.242159767627763
29.5378,shoulder_pitch,0.08246670143121228,0.19349993528689324
29.5378,elbow_pitch,0.8369822233705873,1.198559119555477
29.5378,wrist_yaw,3.9712835284131607e-07,0.0
29.5724,shoulder_yaw,0.21622864566487088,0.23907281536274924
29.5724,shoulder_pitch,0.08210542091166949,0.19222380081931478
29.5724,elbow_pitch,0.8375929589240534,1.1992067365750194
29.5724,wrist_yaw,1.214902258234388e-07,0.0
29.6084,shoulder_yaw,0.21334851649670866,0.23579671607337213
29.6084,shoulder_pitch,0.08170816068144438,0.19078233965308966
29.6084,elbow_pitch,0.8380512569021475,1.199675946354414
29.6084,wrist_yaw,1.4976267002361672e-07,0.0
29.6462,shoulder_yaw,0.2103430134971644,0.23223724735866957
29.6462,shoulder_pitch,0.08127156440805758,0.18912185714752638
29.6462,elbow_pitch,0.8383589007676855,1.199948025913425
29.6462,wrist_yaw,4.431832362395653e-07,0.0
29.6814,shoulder_yaw,0.2072765800564299,0.22885735709786562
29.6814,shoulder_pitch,0.08079957656889544,0.18746066712088583
29.6814,elbow_pitch,0.8385184969881361,1.1999920839695872
29.6814,wrist_yaw,2.2140256696045542e-07,0.0
29.7194,shoulder_yaw,0.20409576767131798,0.22514740208746095
29.7194,shoulder_pitch,0.08028530717479132,0.18554920018608798
29.7194,elbow_pitch,0.8385290216384691,1.1998155845982885
29.7194,wrist_yaw,4.0878716963414487e-07,0.0
29.7549,shoulder_yaw,0.2008563937318221,0.22156047588664066
29.7549,shoulder_pitch,0.07973270988691984,0.18361943350570686
29.7549,elbow_pitch,0.8383933629404081,1.1994349760962484
29.7549,wrist_yaw,2.1806276946216973e-07,0.0
29.791,shoulder_yaw,0.1975891997132878,0.2179151616106483
29.791,shoulder_pitch,0.07914415106625759,0.18158144434502493
29.791,elbow_pitch,0.8381139981828989,1.1988494769730067
29.791,wrist_yaw,1.089883453399217e-07,0.0
29.8268,shoulder_yaw,0.1942976123529022,0.21420197694750526
29.8268,shoulder_pitch,0.07852041676271784,0.1794309906884747
29.8268,elbow_pitch,0.8376928169522292,1.1980591093784285
29.8268,wrist_yaw,9.959236979219941e-08,0.0
29.864,shoulder_yaw,0.19090124260498634,0.21021130775955707
29.864,shoulder_pitch,0.07784983827802151,0.1770413245007948
29.864,elbow_pitch,0.8371238549600463,1.1970040601429313
29.864,wrist_yaw,3.8836280847077e-07,0.0
29.9001,shoulder_yaw,0.1874431960223425,0.20635760915587845
29.9001,shoulder_pitch,0.07714098985911025,0.17466130396107415
29.9001,elbow_pitch,0.8364120246905302,1.195794523727657
29.9001,wrist_yaw,2.426782772849593e-07,0.0
29.9386,shoulder_yaw,0.1838275358762877,0.20207509420251066
29.9386,shoulder_pitch,0.07637447260869719,0.17193829988842682
29.9386,elbow_pitch,0.8355442204002662,1.19424321884244
29.9386,wrist_yaw,5.846339302750127e-07,0.0
29.9782,shoulder_yaw,0.18002969201855015,0.19768834613119043
29.9782,shoulder_pitch,0.07554349816545197,0.16906909491143177
29.9782,elbow_pitch,0.8345115123923741,1.19244098148997
29.9782,wrist_yaw,6.82923166075291e-07,0.0
30.0143,shoulder_yaw,0.1761927779028293,0.19357117833684326
30.0143,shoulder_pitch,0.07467587234270652,0.16630721240715296
30.0143,elbow_pitch,0.8333278919568035,1.190564362985121
30.0143,wrist_yaw,1.7692682498060332e-07,0.0
30.049,shoulder_yaw,0.17244040269651045,0.18956630807557037
30.049,shoulder_pitch,0.07379723852377658,0.16356035228737484
30.049,elbow_pitch,0.8320118976715196,1.188576204270913
30.049,wrist_yaw,-2.6902198727324035e-07,0.0
30.0896,shoulder_yaw,0.16878560699964965,0.18550520733716477
30.0896,shoulder_pitch,0.0729133647181284,0.16071760006899896
30.0896,elbow_pitch,0.8305738498140469,1.1864046446687515
30.0896,wrist_yaw,-3.1742616219818814e-07,0.0
30.1244,shoulder_yaw,0.16494993153912554,0.18068019191828236
30.1244,shoulder_pitch,0.07196051876160986,0.1572694109097406
30.1244,elbow_pitch,0.8289729821023497,1.1836318156062289
30.1244,wrist_yaw,6.893637182277806e-07,0.0
30.1636,shoulder_yaw,0.16087513905869355,0.1759069665250889
30.1636,shoulder_pitch,0.07093152628465506,0.15378719277694847
30.1636,elbow_pitch,0.8271967291053194,1.1806939827731042
30.1636,wrist_yaw,9.202098691579237e-07,0.0
30.2017,shoulder_yaw,0.15669559102583278,0.17136745033286202
30.2017,shoulder_pitch,0.06986165380349459,0.1504138775002733
30.2017,elbow_pitch,0.8252628729727847,1.1777302127184628
30.2017,wrist_yaw,4.393713611804852e-07,0.0
30.2412,shoulder_yaw,0.15237108311925068,0.1663752716517075
30.2412,shoulder_pitch,0.06873043714422135,0.1466390022119652
30.2412,elbow_pitch,0.8231531794472507,1.1742902924078407
30.2412,wrist_yaw,5.854339517339878e-07,0.0
30.2813,shoulder_yaw,0.14794475395273973,0.16141682855275122
30.2813,shoulder_pitch,0.06754768783335889,0.1428260597528309
30.2813,elbow_pitch,0.820868452608375,1.1706965760325287
30.2813,wrist_yaw,4.406250331859298e-07,0.0
30.3189,shoulder_yaw,0.14353065461805303,0.1566278004099105
30.3189,shoulder_pitch,0.06634723970520932,0.13908682108036136
30.3189,elbow_pitch,0.81843157091686,1.1670673348361134
30.3189,wrist_yaw,2.620346119596801e-08,0.0
30.3586,shoulder_yaw,0.13905971158525912,0.15145788057402962
30.3586,shoulder_pitch,0.06510651772536676,0.13499148994270974
30.3586,elbow_pitch,0.8158292837396398,1.1629844182261646
30.3586,wrist_yaw,2.8009862154502504e-07,0.0
30.398,shoulder_yaw,0.13452777858513945,0.14632141853005062
30.398,shoulder_pitch,0.06383050579095575,0.13086589484105596
30.398,elbow_pitch,0.8130659522732616,1.1587675896052638
30.398,wrist_yaw,3.06680419608773e-07,0.0
30.4372,shoulder_yaw,0.1299975229444383,0.14131738918573708
30.4372,shoulder_pitch,0.06254461998830062,0.1267955046908826
30.4372,elbow_pitch,0.8101647170637419,1.1545143343972564
30.4372,wrist_yaw,7.773544571203364e-08,0.0
30.4771,shoulder_yaw,0.1253606352620293,0.13587668089897817
30.4771,shoulder_pitch,0.061210961910701835,0.12231606989239269
30.4771,elbow_pitch,0.8071041551881218,1.1497365266108122
30.4771,wrist_yaw,4.834235265375319e-07,0.0
30.5144,shoulder_yaw,0.12073550491424916,0.13086117706205355
30.5144,shoulder_pitch,0.05987603158423946,0.11813999596798026
30.5144,elbow_pitch,0.8039231469248039,1.145198481380323
30.5144,wrist_yaw,5.1561366214321847e-08,0.0
30.5534,shoulder_yaw,0.11609640384834345,0.12558560587162956
30.5534,shoulder_pitch,0.058525562723025566,0.11370195787070364
30.5534,elbow_pitch,0.8006231544976092,1.1402946878449107
30.5534,wrist_yaw,1.4327510115250133e-07,0.0
30.5932,shoulder_yaw,0.11136388282686077,0.1200869788135477
30.5932,shoulder_pitch,0.05712925015991404,0.10902974176743717
30.5932,elbow_pitch,0.7971890239677615,1.1350494365432442
30.5932,wrist_yaw,4.523213928829892e-07,0.0
30.6309,shoulder_yaw,0.1066411146732139,0.11493852233204988
30.6309,shoulder_pitch,0.055728679891856474,0.10461468652168038
30.6309,elbow_pitch,0.7936569206681241,1.130021420509573
30.6309,wrist_yaw,6.760446539715544e-08,0.0
30.6699,shoulder_yaw,0.10186278559732724,0.1094238563668347
30.6699,shoulder_pitch,0.0542923438822684,0.09984502804036621
30.6699,elbow_pitch,0.7900128193253746,1.1245180455009098
30.6699,wrist_yaw,3.1406886908894257e-07,0.0
30.7056,shoulder_yaw,0.09718002180224011,0.10443551875392433
30.7056,shoulder_pitch,0.05288183905121463,0.09549671613773975
30.7056,elbow_pitch,0.7863118185392214,1.1194412966337202
30.7056,wrist_yaw,-2.610273666724968e-07,0.0
30.7435,shoulder_yaw,0.09253222443076314,0.09910908518030521
30.7435,shoulder_pitch,0.051465798639406306,0.09082044875917655
30.7435,elbow_pitch,0.7825480895396408,1.1139234068523332
30.7435,wrist_yaw,-3.722546620501445e-08,0.0
30.7787,shoulder_yaw,0.08796584239666487,0.09407327779809059
30.7787,shoulder_pitch,0.05006677063611299,0.08636977578345283
30.7787,elbow_pitch,0.7787526711188331,1.108620054497982
30.7787,wrist_yaw,-2.1388747998169594e-07,0.0
30.8159,shoulder_yaw,0.08340720716787348,0.08881361757429874
30.8159,shoulder_pitch,0.04865295846988679,0.08169262724198664
30.8159,elbow_pitch,0.7749167008665245,1.1029969079714126
30.8159,wrist_yaw,6.914091683926024e-08,0.0
30.8532,shoulder_yaw,0.07880854118969959,0.08353440657341865
30.8532,shoulder_pitch,0.04720751322457131,0.0769706800586791
30.8532,elbow_pitch,0.7710339150476965,1.0972721980594364
30.8532,wrist_yaw,2.630151074916525e-07,0.0
30.8926,shoulder_yaw,0.07401457526356314,0.0777890933408978
30.8926,shoulder_pitch,0.04566446657721026,0.07180292124502863
30.8926,elbow_pitch,0.7670495980271766,1.090956785192989
30.8926,wrist_yaw,8.851937499543575e-07,0.0
30.9305,shoulder_yaw,0.0690626516696716,0.07221270267432382
30.9305,shoulder_pitch,0.044046075150988996,0.06676053795784004
30.9305,elbow_pitch,0.7629610063575629,1.0847485286025478
30.9305,wrist_yaw,7.541238541804952e-07,0.0
30.9648,shoulder_yaw,0.06419961994971093,0.06719806590162526
30.9648,shoulder_pitch,0.042457995988390194,0.0622055670837552
30.9648,elbow_pitch,0.7588380502197416,1.0791048190557269
30.9648,wrist_yaw,-2.358272496301022e-07,0.0
31.0016,shoulder_yaw,0.05945504001008885,0.06194832776128491
31.0016,shoulder_pitch,0.04089816493505201,0.057417916183655084
31.0016,elbow_pitch,0.7546895061999496,1.0731397509190086
31.0016,wrist_yaw,-3.7134099440332596e-07,0.0
31.0404,shoulder_yaw,0.054618555377790326,0.05608844979928283
31.0404,shoulder_pitch,0.03927212479237081,0.05205277142067567
31.0404,elbow_pitch,0.7504480498654049,1.0664188077851031
31.0404,wrist_yaw,4.848286940943623e-07,0.0
31.0793,shoulder_yaw,0.049646136829524054,0.05035393120960557
31.0793,shoulder_pitch,0.03758149167045629,0.046783025466136954
31.0793,elbow_pitch,0.7461003493976079,1.0597839549362182
31.0793,wrist_yaw,6.832740535844428e-07,0.0
31.1175,shoulder_yaw,0.04458819480602242,0.04471153093282517
31.1175,shoulder_pitch,0.035860738361457284,0.041581277423183835
31.1175,elbow_pitch,0.7416590714687298,1.0532060250812327
31.1175,wrist_yaw,4.81883338483373e-07,0.0
31.1613,shoulder_yaw,0.039012395874667934,0.038874082902910126
31.1613,shoulder_pitch,0.03410780092767544,0.036184420556270316
31.1613,elbow_pitch,0.7371153633505337,1.0463550469351823
31.1613,wrist_yaw,2.2807320503256436e-06,0.0
31.198,shoulder_yaw,0.0331082905188099,0.03303374602333968
31.198,shoulder_pitch,0.032336440100182766,0.030771427387212426
31.198,elbow_pitch,0.7324736670950616,1.0394604289314422
31.198,wrist_yaw,1.5389516841853133e-06,0.0
31.2354,shoulder_yaw,0.027147867741478638,0.027159337575872574
31.2354,shoulder_pitch,0.029775956974371454,0.025315377916055204
31.2354,elbow_pitch,0.7275356278804789,1.03249124623056
31.2354,wrist_yaw,3.9439319679485744e-07,0.0
31.2741,shoulder_yaw,0.021312704466030674,0.02138560003722699
31.2741,shoulder_pitch,0.02580252384823081,0.019943635751467192
31.2741,elbow_pitch,0.7222145965852265,1.0256139630838292
31.2741,wrist_yaw,-3.560494735540704e-07,0.0
31.3125,shoulder_yaw,0.015540257533616033,0.015604603349011599
31.3125,shoulder_pitch,0.02037149810703297,0.014557985629127225
31.3125,elbow_pitch,0.7166278592048085,1.0187065948102412
31.3125,wrist_yaw,-5.941059975248201e-08,0.0
31.3465,shoulder_yaw,0.0103111396073377,0.010519374268882041
31.3465,shoulder_pitch,0.014049131780101518,0.00981615036224432
31.3465,elbow_pitch,0.7111122772011591,1.012617452712861
31.3465,wrist_yaw,-2.095043381740903e-06,0.0
31.3847,shoulder_yaw,0.00481677469825552,0.004801068381589653
31.3847,shoulder_pitch,0.007350090936335161,0.004480813516236443
31.3847,elbow_pitch,0.705866813510643,1.0057607311471959
31.3847,wrist_yaw,1.3726138179204386e-06,0.0
31.4222,shoulder_yaw,-0.0008338075880490368,-0.0008151640437321668
31.4222,shoulder_pitch,0.0007894655372058695,-0.0007608188753761816
31.4222,elbow_pitch,0.7010346307757308,0.9990218058438416
31.4222,wrist_yaw,9.673298861510408e-07,0.0
31.4615,shoulder_yaw,-0.006648792998382494,-0.006632228755413653
31.4615,shoulder_pitch,-0.005342938941366802,-0.006189596035616623
31.4615,elbow_pitch,0.6966161079129881,0.9920427778563732
31.4615,wrist_yaw,9.77553109311329e-07,0.0
31.5046,shoulder_yaw,-0.012438154814482641,-0.012378300938978418
31.5046,shoulder_pitch,-0.010937542274233844,-0.011549931984235094
31.5046,elbow_pitch,0.6925304014514688,0.9851554845197817
31.5046,wrist_yaw,1.1870381658424219e-07,0.0
31.5411,shoulder_yaw,-0.0185680516523955,-0.01859832903505636
31.5411,shoulder_pitch,-0.016185913310832085,-0.017347751744566913
31.5411,elbow_pitch,0.6885630737420043,0.9777140633249037
31.5411,wrist_yaw,1.743309183821068e-06,0.0
31.5804,shoulder_yaw,-0.02456978209096827,-0.024494019514904923
31.5804,shoulder_pitch,-0.021247183777106445,-0.02283664404552112
31.5804,elbow_pitch,0.6845651509283501,0.9706804677354172
31.5804,wrist_yaw,-3.5981586135361325e-07,0.0
31.619,shoulder_yaw,-0.030421417426576523,-0.03034483535430524
31.619,shoulder_pitch,-0.02628353248472653,-0.028275315729427514
31.619,elbow_pitch,0.6804232498812433,0.9637256976604309
31.619,wrist_yaw,-5.086946369853817e-07,0.0
31.6576,shoulder_yaw,-0.03540967983891382,-0.03609795447688877
31.6576,shoulder_pitch,-0.03139930776062968,-0.03361297517833273
31.6576,elbow_pitch,0.6760844078522632,0.9569175824883591
31.6576,wrist_yaw,-3.8078004878415107e-06,0.0
31.6961,shoulder_yaw,-0.03989217299882854,-0.04183433995236923
31.6961,shoulder_pitch,-0.03398769463036745,-0.038923061136748795
31.6961,elbow_pitch,0.6722606051204416,0.9501653008175026
31.6961,wrist_yaw,-2.2330560187940034e-06,0.0
31.7347,shoulder_yaw,-0.04421491799515939,-0.04755160093311134
31.7347,shoulder_pitch,-0.035387633727558626,-0.04420148824710355
31.7347,elbow_pitch,0.6684223039558141,0.9434772210597256
31.7347,wrist_yaw,-6.51988396445706e-07,0.0
31.7698,shoulder_yaw,-0.0485145100598404,-0.05275589783648839
31.7698,shoulder_pitch,-0.03626251753389226,-0.048992512027892836
31.7698,elbow_pitch,0.664363732130945,0.9374304225553753
31.7698,wrist_yaw,-2.5313426924397558e-08,0.0
31.8083,shoulder_yaw,-0.05299322227249536,-0.058427244803038195
31.8083,shoulder_pitch,-0.03701774482842732,-0.054196633655197425
31.8083,elbow_pitch,0.6599755354738709,0.9308912161015471
31.8083,wrist_yaw,9.211570555834286e-07,0.0
31.8469,shoulder_yaw,-0.05773069434874863,-0.06409059404372021
31.8469,shoulder_pitch,-0.037804713851362276,-0.05937387450869533
31.8469,elbow_pitch,0.6552726205054152,0.9244193753506397
31.8469,wrist_yaw,1.314464862056596e-06,0.0
31.8854,shoulder_yaw,-0.06270410116051083,-0.06973010928038557
31.8854,shoulder_pitch,-0.03865059032488835,-0.0645078399461476
31.8854,elbow_pitch,0.6503359280466694,0.9180385946843003
31.8854,wrist_yaw,1.219278462433391e-06,0.0
31.924,shoulder_yaw,-0.06783154893446272,-0.07534255094342161
31.924,shoulder_pitch,-0.03953953734268808,-0.06959375535431121
31.924,elbow_pitch,0.6452709885632258,0.9117578326196359
31.924,wrist_yaw,8.380757619104631e-07,0.0
31.9624,shoulder_yaw,-0.07301116491477481,-0.08091066238439813
31.9624,shoulder_pitch,-0.04045177423426156,-0.07461428818994631
31.9624,elbow_pitch,0.6401843581436728,0.9056012749387581
31.9624,wrist_yaw,3.540355023788141e-07,0.0
31.9962,shoulder_yaw,-0.07800769742040099,-0.08577985358762455
31.9962,shoulder_pitch,-0.04129301560630895,-0.07898233064193264
31.9962,elbow_pitch,0.635238372342037,0.9002833549149998
31.9962,wrist_yaw,-7.796343384652637e-07,0.0
32.0348,shoulder_yaw,-0.08285919192054958,-0.09130106368066405
32.0348,shoulder_pitch,-0.042160756897582204,-0.08390810646669022
32.0348,elbow_pitch,0.6304594288321311,0.8943333977943766
32.0348,wrist_yaw,-6.17581555734529e-07,0.0
32.0719,shoulder_yaw,-0.0875724198755234,-0.0965728449845041
32.0719,shoulder_pitch,-0.043082085829206564,-0.08858237520240902
32.0719,elbow_pitch,0.625895098707695,0.888737410356552
32.0719,wrist_yaw,-5.846140987585051e-07,0.0
32.1104,shoulder_yaw,-0.09222747630154428,-0.10203917400616876
32.1104,shoulder_pitch,-0.044113193544515886,-0.09339699445813293
32.1104,elbow_pitch,0.6215493205368046,0.883029150783597
32.1104,wrist_yaw,-2.0341312350000026e-07,0.0
32.1459,shoulder_yaw,-0.09678630239412805,-0.10701676034425284
32.1459,shoulder_pitch,-0.04521711311633081,-0.0977506589203775
32.1459,elbow_pitch,0.6174685805993773,0.8779203827814832
32.1459,wrist_yaw,-3.893764793667876e-07,0.0
32.1827,shoulder_yaw,-0.10127972401480635,-0.11215116900002865
32.1827,shoulder_pitch,-0.04641528198556936,-0.10220896674661949
32.1827,elbow_pitch,0.6136465653500296,0.8727454753427093
32.1827,wrist_yaw,-2.4929773110465194e-07,0.0
32.2212,shoulder_yaw,-0.10579155810297167,-0.11751201520607141
32.2212,shoulder_pitch,-0.047749184186815466,-0.10682630678825736
32.2212,elbow_pitch,0.6100416923254994,0.8674516039623785
32.2212,wrist_yaw,1.605613623056367e-07,0.0
32.2553,shoulder_yaw,-0.11022836506904198,-0.1221746501013462
32.2553,shoulder_pitch,-0.049135793359505416,-0.11080904859829546
32.2553,elbow_pitch,0.6066836473260694,0.8629434962894197
32.2553,wrist_yaw,-2.9748475928736196e-07,0.0
32.2939,shoulder_yaw,-0.11467054334116475,-0.12745148756871288
32.2939,shoulder_pitch,-0.05062483068448127,-0.11527676366614953
32.2939,elbow_pitch,0.6035081080122014,0.8579561157583173
32.2939,wrist_yaw,8.710550361312969e-08,0.0
32.3325,shoulder_yaw,-0.11916011127667907,-0.1326714643635842
32.3325,shoulder_pitch,-0.05221132019242063,-0.11965229352092349
32.3325,elbow_pitch,0.6004722509196306,0.8531492516333882
32.3325,wrist_yaw,3.0131434977518903e-07,0.0
32.3711,shoulder_yaw,-0.12370296729013172,-0.13783454286558652
32.3711,shoulder_pitch,-0.05386351670993461,-0.12393425764067936
32.3711,elbow_pitch,0.5975472385823494,0.8485263290058933
32.3711,wrist_yaw,3.31205925653842e-07,0.0
32.4052,shoulder_yaw,-0.12816583897874867,-0.14236577241786783
32.4052,shoulder_pitch,-0.05547647925691873,-0.1276523143673247
32.4052,elbow_pitch,0.5947617657301638,0.8445831102480106
32.4052,wrist_yaw,-3.342629640262419e-07,0.0
32.4398,shoulder_yaw,-0.132477251662295,-0.14690794506991767
32.4398,shoulder_pitch,-0.057017422813447294,-0.1313397428629168
32.4398,elbow_pitch,0.5921133103865748,0.8407431029220084
32.4398,wrist_yaw,-7.04760726605121e-07,0.0
32.4742,shoulder_yaw,-0.13660924067731575,-0.1513863890456427
32.4742,shoulder_pitch,-0.058478773541110696,-0.1349344481874836
32.4742,elbow_pitch,0.5895910203163908,0.8370731982319571
32.4742,wrist_yaw,-8.524136946686402e-07,0.0
32.5127,shoulder_yaw,-0.14067446312433174,-0.15635109938340394
32.5127,shoulder_pitch,-0.059921041356335136,-0.13886914513923174
32.5127,elbow_pitch,0.5871400486391194,0.8331469313643876
32.5127,wrist_yaw,-2.9285903245547537e-07,0.0
32.547,shoulder_yaw,-0.1446471271972518,-0.1606904393677534
32.547,shoulder_pitch,-0.06129425935927543,-0.14226239304919394
32.547,elbow_pitch,0.5847778149495199,0.8298441069992495
32.547,wrist_yaw,-4.1836993445425205e-07,0.0
32.5843,shoulder_yaw,-0.14860087054252927,-0.16541730370206698
32.5843,shoulder_pitch,-0.0626249416957434,-0.14590715971885268
32.5843,elbow_pitch,0.5824802614649991,0.8263905740106807
32.5843,wrist_yaw,-5.545860603342328e-08,0.0
32.6216,shoulder_yaw,-0.1525741610683182,-0.1700497041280853
32.6216,shoulder_pitch,-0.06391065169401229,-0.1494239215272852
32.6216,elbow_pitch,0.5802434798297965,0.8231598364404945
32.6216,wrist_yaw,1.4224479960152325e-07,0.0
32.6564,shoulder_yaw,-0.15652388436598055,-0.17432366643424413
32.6564,shoulder_pitch,-0.06511492907791347,-0.15261727451849233
32.6564,elbow_pitch,0.5780922472741609,0.8203214009461658
32.6564,wrist_yaw,-7.722141914683766e-08,0.0
32.6907,shoulder_yaw,-0.16040207936918188,-0.1784761405496691
32.6907,shoulder_pitch,-0.06622359915431716,-0.15566999459040323
32.6907,elbow_pitch,0.5760464750747419,0.8177013461648981
32.6907,wrist_yaw,-3.2715109588028737e-07,0.0
32.7293,shoulder_yaw,-0.1642736839807805,-0.18309652123248052
32.7293,shoulder_pitch,-0.06728769370563292,-0.15900555350887646
32.7293,elbow_pitch,0.5740873081112162,0.8149541007151482
32.7293,wrist_yaw,-2.0937863256925823e-09,0.0
32.7644,shoulder_yaw,-0.16810327544999157,-0.18725005817286222
32.7644,shoulder_pitch,-0.06828940083186708,-0.16194585372934478
32.7644,elbow_pitch,0.5722372782642619,0.8126436722684842
32.7644,wrist_yaw,-1.791472244211519e-07,0.0
32.8005,shoulder_yaw,-0.17188066640926908,-0.19144472030118695
32.8005,shoulder_pitch,-0.06923524794972648,-0.1648559038492112
32.8005,elbow_pitch,0.5705069538504653,0.8104718420317006
32.8005,wrist_yaw,-2.3783205706460517e-07,0.0
32.8385,shoulder_yaw,-0.17563615737235683,-0.19579337696581434
32.8385,shoulder_pitch,-0.07014811286020649,-0.16780595363570855
32.8385,elbow_pitch,0.5688960685862249,0.8084011066056742
32.8385,wrist_yaw,-8.53787886575298e-08,0.0
32.8748,shoulder_yaw,-0.17934978348106348,-0.1998769899199406
32.8748,shoulder_pitch,-0.0710210747395279,-0.1705103836484278
32.8748,elbow_pitch,0.5674205931154578,0.806633676536916
32.8748,wrist_yaw,-1.8752193161611638e-07,0.0
32.9117,shoulder_yaw,-0.18301631273771823,-0.20396811350678085
32.9117,shoulder_pitch,-0.07185894661811705,-0.1731517765125017
32.9117,elbow_pitch,0.5660893516729686,0.8050449497571252
32.9117,wrist_yaw,-2.189120132154488e-07,0.0
32.9504,shoulder_yaw,-0.18666357872557957,-0.2081894533021577
32.9504,shoulder_pitch,-0.07267700990677492,-0.1758012184276222
32.9504,elbow_pitch,0.564903214931939,0.8036078516910603
32.9504,wrist_yaw,-7.833238553274597e-08,0.0
32.9882,shoulder_yaw,-0.19028078121764777,-0.2122066047305533
32.9882,shoulder_pitch,-0.07347037462890893,-0.17824597642489481
32.9882,elbow_pitch,0.5638722552947686,0.8024425711587575
32.9882,wrist_yaw,-1.3396234956067333e-07,0.0
33.0232,shoulder_yaw,-0.19381360752523713,-0.2159178367052325
33.0232,shoulder_pitch,-0.07422512346598793,-0.18043375308771575
33.0232,elbow_pitch,0.5630103316988214,0.8015520593124348
33.0232,wrist_yaw,-4.1693223194564517e-07,0.0
33.0582,shoulder_yaw,-0.19721079021162113,-0.21946728806784319
33.0582,shoulder_pitch,-0.0749374243488591,-0.1824583328120935
33.0582,elbow_pitch,0.5623243175627222,0.8008775040993638
33.0582,wrist_yaw,-6.866616256041536e-07,0.0
33.0959,shoulder_yaw,-0.20051518584292777,-0.22334320593482476
33.0959,shoulder_pitch,-0.07562830460567242,-0.18458823049940418
33.0959,elbow_pitch,0.561806443856389,0.8003508742355995
33.0959,wrist_yaw,-4.705756488148937e-07,0.0
33.1348,shoulder_yaw,-0.20376921860960714,-0.22717725524710325
33.1348,shoulder_pitch,-0.07630466734031492,-0.18660606796847254
33.1348,elbow_pitch,0.5614537305470467,0.8000595797052341
33.1348,wrist_yaw,-2.502010289462887e-07,0.0
33.1696,shoulder_yaw,-0.20693880508154666,-0.2305628126853616
33.1696,shoulder_pitch,-0.0769548897362499,-0.18830879798612787
33.1696,elbow_pitch,0.5612687620815292,0.8000049170696968
33.1696,wrist_yaw,-4.265888787270184e-07,0.0
33.2063,shoulder_yaw,-0.21003288192223143,-0.2340609907947762
33.2063,shoulder_pitch,-0.0775792544525365,-0.189984454653323
33.2063,elbow_pitch,0.5612483728603747,0.8001614781242892
33.2063,wrist_yaw,-3.859306961822483e-07,0.0
33.245,shoulder_yaw,-0.21308577746677132,-0.23763970950720414
33.245,shoulder_pitch,-0.07817809856542385,-0.19160390138017727
33.245,elbow_pitch,0.5613901648609716,0.8005612524073151
33.245,wrist_yaw,-2.091563406021969e-07,0.0
33.2838,shoulder_yaw,-0.21611816420488578,-0.2411422580933649
33.2838,shoulder_pitch,-0.0787473388788458,-0.19308847558304187
33.2838,elbow_pitch,0.5616938734198734,0.8012045348805616
33.2838,wrist_yaw,-1.0228804396767058e-07,0.0
33.3226,shoulder_yaw,-0.2191335638626067,-0.24455005531024446
33.3226,shoulder_pitch,-0.07928159281358799,-0.19442941024461546
33.3226,elbow_pitch,0.5621599614538976,0.8020882732324335
33.3226,wrist_yaw,-8.55031500425833e-08,0.0
33.3563,shoulder_yaw,-0.22205697557038973,-0.24746785506594057
33.3563,shoulder_pitch,-0.07978054007483946,-0.19548958047519718
33.3563,elbow_pitch,0.5627787048617549,0.8030625808247414
33.3563,wrist_yaw,-4.748251988403506e-07,0.0
33.3923,shoulder_yaw,-0.22486227512388154,-0.2504664839626309
33.3923,shoulder_pitch,-0.08024184687329786,-0.19648740285239344
33.3923,elbow_pitch,0.5635444104103121,0.8042892623855333
33.3923,wrist_yaw,-6.158217275884329e-07,0.0
33.4297,shoulder_yaw,-0.22755932372496662,-0.25350963943678184
33.4297,shoulder_pitch,-0.0806599575459338,-0.19739676467600462
33.4297,elbow_pitch,0.5644566456791972,0.8057862083927829
33.4297,wrist_yaw,-5.655567531982199e-07,0.0
33.4635,shoulder_yaw,-0.23011595775678964,-0.2561905416682982
33.4635,shoulder_pitch,-0.08104131900380017,-0.19810397768600815
33.4635,elbow_pitch,0.5655018732931844,0.8073325436167003
33.4635,wrist_yaw,-7.313013407641172e-07,0.0
33.498,shoulder_yaw,-0.23253052737271393,-0.25885167144546245
33.498,shoulder_pitch,-0.08138481800737253,-0.1987110430182992
33.498,elbow_pitch,0.5666724032019622,0.8090959853993043
33.498,wrist_yaw,-7.427805019274474e-07,0.0
33.5368,shoulder_yaw,-0.2348641012002599,-0.2617296878959367
33.5368,shoulder_pitch,-0.08167151128376093,-0.19925092196309735
33.5368,elbow_pitch,0.5679812939198984,0.8112820203939417
33.5368,wrist_yaw,-4.275214821046331e-07,0.0
33.5755,shoulder_yaw,-0.23716392315192555,-0.26452307693841587
33.5755,shoulder_pitch,-0.08189345118515552,-0.19964688351701865
33.5755,elbow_pitch,0.5694386037638423,0.8137076190653103
33.5755,wrist_yaw,-1.8111788028529143e-07,0.0
33.6138,shoulder_yaw,-0.2394468745613434,-0.26716627769981616
33.6138,shoulder_pitch,-0.082054881067474,-0.19989236499633226
33.6138,elbow_pitch,0.5710467479186031,0.8163070785054581
33.6138,wrist_yaw,-9.427616923280857e-08,0.0
33.6528,shoulder_yaw,-0.24172408149135163,-0.2697812760885065
33.6528,shoulder_pitch,-0.08215476143927454,-0.19999702250420667
33.6528,elbow_pitch,0.572813819460925,0.8192018669234504
33.6528,wrist_yaw,-3.8654458904576425e-08,0.0
33.6907,shoulder_yaw,-0.24397628181404787,-0.272223860215682
33.6907,shoulder_pitch,-0.08220455590315778,-0.19995537763723242
33.6907,elbow_pitch,0.5747371086994137,0.8222292450414053
33.6907,wrist_yaw,-1.3892223599593873e-07,0.0
33.7291,shoulder_yaw,-0.24618352410480698,-0.2746066316502915
33.7291,shoulder_pitch,-0.0822068674050299,-0.19976820847742674
33.7291,elbow_pitch,0.5768190739063332,0.8255200041813704
33.7291,wrist_yaw,-2.4398250328049514e-07,0.0
33.7676,shoulder_yaw,-0.24832152635849386,-0.27688388666141567
33.7676,shoulder_pitch,-0.08216556000383117,-0.1994357289705374
33.7676,elbow_pitch,0.5790598970008994,0.8290162288880413
33.7676,wrist_yaw,-3.7003651733415615e-07,0.0
33.8049,shoulder_yaw,-0.2503546591537006,-0.278981231859851
33.8049,shoulder_pitch,-0.08209605026608276,-0.1989778726725714
33.8049,elbow_pitch,0.5814466336632176,0.83258049468046
33.8049,wrist_yaw,-5.539153177177956e-07,0.0
33.8434,shoulder_yaw,-0.2522730690587445,-0.28106070282439083
33.8434,shoulder_pitch,-0.08198865100175286,-0.19835881671555455
33.8434,elbow_pitch,0.5839834710177128,0.8364865651243096
33.8434,wrist_yaw,-6.054205628776043e-07,0.0
33.882,shoulder_yaw,-0.25407274555507153,-0.2830304979071028
33.882,shoulder_pitch,-0.0818404659729428,-0.1975966564225494
33.882,elbow_pitch,0.5866701076629066,0.8405800969334756
33.882,wrist_yaw,-6.248859378943133e-07,0.0
33.9205,shoulder_yaw,-0.25575546271571664,-0.28489466139340314
33.9205,shoulder_pitch,-0.08165110907732981,-0.19669085560487015
33.9205,elbow_pitch,0.5895039475371555,0.8448643928734403
33.9205,wrist_yaw,-6.149684313514361e-07,0.0
33.959,shoulder_yaw,-0.25732659364548627,-0.2866504522721603
33.959,shoulder_pitch,-0.08142167787198756,-0.19564358509035257
33.959,elbow_pitch,0.5924803341969309,0.8493284500389163
33.959,wrist_yaw,-5.864046223439779e-07,0.0
33.9975,shoulder_yaw,-0.258793779637185,-0.2883012805724278
33.9975,shoulder_pitch,-0.08115238630307021,-0.19445342475268151
33.9975,elbow_pitch,0.595594244284932,0.853976697435805
33.9975,wrist_yaw,-5.461940600816124e-07,0.0
34.036,shoulder_yaw,-0.26016442971941434,-0.28984466762917827
34.036,shoulder_pitch,-0.08084326188135887,-0.1931224649829234
34.036,elbow_pitch,0.5988399482754324,0.8587985621731271
34.036,wrist_yaw,-5.071585522394584e-07,0.0
34.0746,shoulder_yaw,-0.26144475780228915,-0.2912832145641539
34.0746,shoulder_pitch,-0.08049286886930238,-0.19164841935364732
34.0746,elbow_pitch,0.6022123166215536,0.8637992859862612
34.0746,wrist_yaw,-4.743008196763929e-07,0.0
34.1133,shoulder_yaw,-0.26263862927873943,-0.29261582872344527
34.1133,shoulder_pitch,-0.08009923077957444,-0.19003153538824785
34.1133,elbow_pitch,0.6057066108275704,0.8689739293668891
34.1133,wrist_yaw,-4.534174147824848e-07,0.0
34.1525,shoulder_yaw,-0.26374699555678377,-0.29384053637145835
34.1525,shoulder_pitch,-0.07966081025902445,-0.18827356443467083
34.1525,elbow_pitch,0.6093179889572928,0.8743131346124297
34.1525,wrist_yaw,-4.473162917391333e-07,0.0
34.1864,shoulder_yaw,-0.264746130061529,-0.29483562545296643
34.1864,shoulder_pitch,-0.07923857806817884,-0.1865972876003673
34.1864,elbow_pitch,0.6129852266470628,0.879180639006568
34.1864,wrist_yaw,-5.653693065335734e-07,0.0
34.2204,shoulder_yaw,-0.2656240812767771,-0.29573813568933077
34.2204,shoulder_pitch,-0.07884097079842933,-0.1848252060406106
34.2204,elbow_pitch,0.6166723377328371,0.8841305912845894
34.2204,wrist_yaw,-6.243456110827647e-07,0.0
34.2555,shoulder_yaw,-0.266382842345529,-0.2965613626760724
34.2555,shoulder_pitch,-0.0784433648244887,-0.18293081727476554
34.2555,elbow_pitch,0.6203664684213458,0.8892345427945846
34.2555,wrist_yaw,-6.114831009087021e-07,0.0
34.2936,shoulder_yaw,-0.2670493183903844,-0.2973850751116931
34.2936,shoulder_pitch,-0.07794908257467666,-0.1806650394114885
34.2936,elbow_pitch,0.6241253195027524,0.8951230397570962
34.2936,wrist_yaw,-4.737682573661494e-07,0.0
34.3326,shoulder_yaw,-0.2676408386070392,-0.298092311549556
34.3326,shoulder_pitch,-0.07733326641984435,-0.17828181147954095
34.3326,elbow_pitch,0.6279762331399561,0.9010999493156905
34.3326,wrist_yaw,-3.839682244356805e-07,0.0
34.3714,shoulder_yaw,-0.2681661049434122,-0.29869505734605617
34.3714,shoulder_pitch,-0.07659648773534421,-0.17573747037582393
34.3714,elbow_pitch,0.6319385206298729,0.9072701800790165
34.3714,wrist_yaw,-3.3894794284095596e-07,0.0
34.4101,shoulder_yaw,-0.2686229597101074,-0.2991796145622085
34.4101,shoulder_pitch,-0.07576655111280148,-0.17308894947339531
34.4101,elbow_pitch,0.6360137091732385,0.9134921289216986
34.4101,wrist_yaw,-3.482093671871232e-07,0.0
34.449,shoulder_yaw,-0.2690030265259375,-0.2995525584338101
34.449,shoulder_pitch,-0.07487043296990742,-0.17031162125892918
34.449,elbow_pitch,0.6401998969406668,0.9198233256261571
34.449,wrist_yaw,-3.8826939869063393e-07,0.0
34.4868,shoulder_yaw,-0.2692945481566106,-0.29981029454415026
34.4868,shoulder_pitch,-0.07394042104581758,-0.16745366748907906
34.4868,elbow_pitch,0.6444838949070738,0.9261549114963366
34.4868,wrist_yaw,-4.444397949558793e-07,0.0
34.5235,shoulder_yaw,-0.26948650075902403,-0.29995545707181165
34.5235,shoulder_pitch,-0.07301877104380353,-0.16459216595409135
34.5235,elbow_pitch,0.6488329213548668,0.9323271962215948
34.5235,wrist_yaw,-4.96257159624315e-07,0.0
34.5622,shoulder_yaw,-0.2695732459014544,-0.29999933255716754
34.5622,shoulder_pitch,-0.07207708852128071,-0.16145552700122545
34.5622,elbow_pitch,0.6532601949140677,0.9389192662275332
34.5622,wrist_yaw,-5.208722655868718e-07,0.0
34.5965,shoulder_yaw,-0.26955492863512903,-0.2999447580330211
34.5965,shoulder_pitch,-0.0711868610124106,-0.15858694570012483
34.5965,elbow_pitch,0.6576963813233673,0.9448027555591224
34.5965,wrist_yaw,-5.166286766824072e-07,0.0
34.6359,shoulder_yaw,-0.2694324634874471,-0.29977538158839223
34.6359,shoulder_pitch,-0.07026148384884635,-0.15519995421748348
34.6359,elbow_pitch,0.6621848135736186,0.9515856851947196
34.6359,wrist_yaw,-5.08390969725668e-07,0.0
34.6746,shoulder_yaw,-0.2692067572503648,-0.2994898498779162
34.6746,shoulder_pitch,-0.06926413428243486,-0.15167557627018188
34.6746,elbow_pitch,0.6667490341818629,0.9584700346147791
34.6746,wrist_yaw,-5.002637327410953e-07,0.0
34.7134,shoulder_yaw,-0.26888008937017255,-0.2990957051863614
34.7134,shoulder_pitch,-0.06820319846933925,-0.1480911904466688
34.7134,elbow_pitch,0.6713855739849349,0.9653035470096537
34.7134,wrist_yaw,-4.85394028846532e-07,0.0
34.752,shoulder_yaw,-0.26845416057459753,-0.29858824902291015
34.752,shoulder_pitch,-0.0670897299909464,-0.1443884575447095
34.752,elbow_pitch,0.676087945482522,0.9721971535117365
34.752,wrist_yaw,-4.731695330539288e-07,0.0
34.7906,shoulder_yaw,-0.2679309809204469,-0.2979727063049581
34.7906,shoulder_pitch,-0.06594017651708456,-0.1406030678586704
34.7906,elbow_pitch,0.6808425472363773,0.9790819801238876
34.7906,wrist_yaw,-4.594782316899861e-07,0.0
34.8292,shoulder_yaw,-0.2673113911246092,-0.2972449892113286
34.8292,shoulder_pitch,-0.06476254967301547,-0.13670759066545618
34.8292,elbow_pitch,0.6856380916350574,0.9860056248402831
34.8292,wrist_yaw,-4.5133568843177557e-07,0.0
34.8637,shoulder_yaw,-0.26661749880571234,-0.2965052982363424
34.8637,shoulder_pitch,-0.0636457369209735,-0.13316189475520873
34.8637,elbow_pitch,0.690389689721467,0.992172899074576
34.8637,wrist_yaw,-3.423770710630728e-07,0.0
34.9024,shoulder_yaw,-0.26583768129671975,-0.29556274949370304
34.9024,shoulder_pitch,-0.06250493468172534,-0.1290559619573147
34.9024,elbow_pitch,0.695133393458152,0.9991622838090684
34.9024,wrist_yaw,-3.9318014494772756e-07,0.0
34.9375,shoulder_yaw,-0.26498517035545704,-0.2946165341817795
34.9375,shoulder_pitch,-0.06137981611233765,-0.12526892509809442
34.9375,elbow_pitch,0.6998205281048285,1.0054704121235611
34.9375,wrist_yaw,-3.285636672550749e-07,0.0
34.975,shoulder_yaw,-0.26404862796993317,-0.2934996842386289
34.975,shoulder_pitch,-0.06021450331787578,-0.12111825237527447
34.975,elbow_pitch,0.7044731443604145,1.0122382749076841
34.975,wrist_yaw,-3.7773601259286936e-07,0.0
35.0137,shoulder_yaw,-0.2630105059241345,-0.29224548335010697
35.0137,shoulder_pitch,-0.05896573628018229,-0.11677135082563744
35.0137,elbow_pitch,0.7091200210345963,1.0191689552512893
35.0137,wrist_yaw,-4.5691732225583076e-07,0.0
35.0522,shoulder_yaw,-0.2618605123700837,-0.2908826187579748
35.0522,shoulder_pitch,-0.057629166424190144,-0.11234014091678522
35.0522,elbow_pitch,0.7137730758093971,1.0260748566944409
35.0522,wrist_yaw,-5.006905039677389e-07,0.0
35.0863,shoulder_yaw,-0.260638747455091,-0.2895915449663305
35.0863,shoulder_pitch,-0.056311221496510015,-0.10836655409358607
35.0863,elbow_pitch,0.7183548709819867,1.0321355108436883
35.0863,wrist_yaw,-3.102227875149118e-07,0.0
35.1209,shoulder_yaw,-0.2593652365530278,-0.2881924549886277
35.1209,shoulder_pitch,-0.05502337874616169,-0.10426217070935345
35.1209,elbow_pitch,0.7228397113872689,1.0382685057452734
35.1209,wrist_yaw,-2.128151595611454e-07,0.0
35.1593,shoulder_yaw,-0.25800532898530004,-0.2865377091970162
35.1593,shoulder_pitch,-0.05367195268439185,-0.09963285168831781
35.1593,elbow_pitch,0.7272872688714223,1.0450351044167796
35.1593,wrist_yaw,-3.6962560574482656e-07,0.0
35.1966,shoulder_yaw,-0.2565510073784638,-0.2848453304160923
35.1966,shoulder_pitch,-0.05225980874217406,-0.09510969058553745
35.1966,elbow_pitch,0.7317031628334607,1.0514961454032972
35.1966,wrist_yaw,-4.04600162148734e-07,0.0
35.2353,shoulder_yaw,-0.25497680095764,-0.2829636048052936
35.2353,shoulder_pitch,-0.05075996186898835,-0.09029211056247362
35.2353,elbow_pitch,0.7361209104534192,1.0582182673348228
35.2353,wrist_yaw,-5.152354086189686e-07,0.0
35.2739,shoulder_yaw,-0.2532749694576517,-0.28098169992995703
35.2739,shoulder_pitch,-0.04918573175810164,-0.0854234966638551
35.2739,elbow_pitch,0.7405505372130806,1.0648481595345682
35.2739,wrist_yaw,-5.453242387677242e-07,0.0
35.312,shoulder_yaw,-0.25145843776019644,-0.2789269509757855
35.312,shoulder_pitch,-0.04757404307029586,-0.08056737708088758
35.312,elbow_pitch,0.7449805860090598,1.0713006324488334
35.312,wrist_yaw,-4.805366064530308e-07,0.0
35.3505,shoulder_yaw,-0.2495365482200268,-0.2767472288419987
35.3505,shoulder_pitch,-0.04594211038815503,-0.07560100572162953
35.3505,elbow_pitch,0.7494058698074879,1.0777368234142788
35.3505,wrist_yaw,-4.3215814017856e-07,0.0
35.3862,shoulder_yaw,-0.24756462863706205,-0.2746422149964697
35.3862,shoulder_pitch,-0.04436221875229079,-0.07096393705694055
35.3862,elbow_pitch,0.7537684548057276,1.083599897129216
35.3862,wrist_yaw,-1.807725189985368e-07,0.0
35.4251,shoulder_yaw,-0.24551925373456582,-0.27225482568757925
35.4251,shoulder_pitch,-0.04278482036290899,-0.06587236706378441
35.4251,elbow_pitch,0.758088698391643,1.0898769795287564
35.4251,wrist_yaw,-2.8002373744304555e-07,0.0
35.4634,shoulder_yaw,-0.24345843527453437,-0.2700646144570168
35.4634,shoulder_pitch,-0.04127933459222684,-0.06134159621622264
35.4634,elbow_pitch,0.7622980298298087,1.0953228114659148
35.4634,wrist_yaw,-2.4055737563898492e-08,0.0
35.502,shoulder_yaw,-0.24124545099210093,-0.2671972108529729
35.502,shoulder_pitch,-0.03967575634669549,-0.05559155301490126
35.502,elbow_pitch,0.7665046021337486,1.1020463184912395
35.502,wrist_yaw,-6.196844591525908e-07,0.0
35.542,shoulder_yaw,-0.23888324926295182,-0.2644898508163452
35.542,shoulder_pitch,-0.03801513433455761,-0.05033262212204165
35.542,elbow_pitch,0.7706874274538033,1.1080130076998955
35.542,wrist_yaw,-6.073774849693747e-07,0.0
35.5766,shoulder_yaw,-0.23646077629447504,-0.26193999798767426
35.5766,shoulder_pitch,-0.03639430128820823,-0.04551637117018869
35.5766,elbow_pitch,0.7747714053093782,1.1133253295931305
35.5766,wrist_yaw,-2.1086111866767767e-07,0.0
35.6138,shoulder_yaw,-0.23399497077443884,-0.25918323806282767
35.6138,shoulder_pitch,-0.034803370744781646,-0.04044567486103757
35.6138,elbow_pitch,0.7787428795323973,1.1187617550634859
35.6138,wrist_yaw,-1.3152470656901535e-07,0.0
35.6491,shoulder_yaw,-0.2315230967997721,-0.2564782156245622
35.6491,shoulder_pitch,-0.0332587817347549,-0.03559694947277244
35.6491,elbow_pitch,0.7825680842424563,1.123810334457961
35.6491,wrist_yaw,2.781453940684627e-08,0.0
35.6881,shoulder_yaw,-0.22897035390368425,-0.25340863808303926
35.6881,shoulder_pitch,-0.03063586241978318,-0.030235084985416806
35.6881,elbow_pitch,0.7865545002983979,1.1292227206693655
35.6881,wrist_yaw,-2.9139392740800346e-07,0.0
35.727,shoulder_yaw,-0.22630036040622478,-0.25027685418363665
35.727,shoulder_pitch,-0.02641623764288804,-0.024906822787884114
35.727,elbow_pitch,0.7907586512069452,1.134423644244817
35.727,wrist_yaw,-4.334901757715555e-07,0.0
35.766,shoulder_yaw,-0.22347188317659927,-0.24694185402900776
35.766,shoulder_pitch,-0.020639787568350998,-0.01937915868468039
35.766,elbow_pitch,0.7950592964812763,1.139631656357475
35.766,wrist_yaw,-5.795697539922279e-07,0.0
35.8024,shoulder_yaw,-0.2206024929975246,-0.2439337733808276
35.8024,shoulder_pitch,-0.013984501757711727,-0.014514053496680966
35.8024,elbow_pitch,0.7991296582317011,1.1440567356800786
35.8024,wrist_yaw,-5.8530094042525956e-08,0.0
35.8426,shoulder_yaw,-0.21760685726436538,-0.24033838090558599
35.8426,shoulder_pitch,-0.00698136382558979,-0.008839400391725904
35.8426,elbow_pitch,0.8028114656641572,1.149029324135146
35.8426,wrist_yaw,-3.9104167436418893e-07,0.0
35.878,shoulder_yaw,-0.21455483273970702,-0.23701701295313768
35.878,shoulder_pitch,-0.0002826989910795926,-0.003724792012060328
35.878,elbow_pitch,0.8059415801799895,1.1533356744513832
35.878,wrist_yaw,-1.0092075270566167e-07,0.0
35.9171,shoulder_yaw,-0.2114137882965974,-0.23338457980366895
35.9171,shoulder_pitch,0.005821293505929285,0.0017369783150322734
35.9171,elbow_pitch,0.8085497566543639,1.1577489500571498
35.9171,wrist_yaw,-2.322268080060942e-07,0.0
35.9563,shoulder_yaw,-0.20817264292172039,-0.22967882414453072
35.9563,shoulder_pitch,0.011288163909205966,0.007175003925024554
35.9563,elbow_pitch,0.8107632942316085,1.1619508090171111
35.9563,wrist_yaw,-2.866247046993437e-07,0.0
35.9929,shoulder_yaw,-0.2048941814347797,-0.22608911365195528
35.9929,shoulder_pitch,0.01619409273881178,0.012320591480668566
35.9929,elbow_pitch,0.8127261037024984,1.165747937346031
35.9929,wrist_yaw,-4.376898186696454e-08,0.0
36.027,shoulder_yaw,-0.20167949013823208,-0.22267431769780602
36.027,shoulder_pitch,0.020661544145107034,0.017109338975338863
36.027,elbow_pitch,0.8145600631268457,1.1691235185275524
36.027,wrist_yaw,3.491529159674112e-07,0.0
36.0656,shoulder_yaw,-0.1984057733459972,-0.21874618682993474
36.0656,shoulder_pitch,0.025085868799972058,0.022495943879880794
36.0656,elbow_pitch,0.8164619630874214,1.172735570984183
36.0656,wrist_yaw,-1.3902088120678452e-07,0.0
36.1045,shoulder_yaw,-0.19499541368383544,-0.21471693917964785
36.1045,shoulder_pitch,0.029776364921195442,0.02789168477003486
36.1045,elbow_pitch,0.8185444404773644,1.1761542038216526
36.1045,wrist_yaw,-4.4443267183058115e-07,0.0
36.141,shoulder_yaw,-0.1915288575316245,-0.21092758913782036
36.141,shoulder_pitch,0.032185995760972724,0.03285168318212946
36.141,elbow_pitch,0.820122400524046,1.1791173818452012
36.141,wrist_yaw,-1.1999408527057882e-07,0.0
36.1794,shoulder_yaw,-0.18793317055978015,-0.20671294249094707
36.1794,shoulder_pitch,0.03353466881353719,0.03824342231598985
36.1794,elbow_pitch,0.8216637079521288,1.1821396979675067
36.1794,wrist_yaw,-4.336989448199919e-07,0.0
36.2177,shoulder_yaw,-0.18424199877034345,-0.20257994215251926
36.2177,shoulder_pitch,0.03446438116213673,0.04340792236718083
36.2177,elbow_pitch,0.8233721101148026,1.1848363288303603
36.2177,wrist_yaw,-3.238604419487772e-07,0.0
36.2553,shoulder_yaw,-0.1804721376254409,-0.1983316930411553
36.2553,shoulder_pitch,0.035284730943533585,0.04859451201154888
36.2553,elbow_pitch,0.825292854959086,1.187344643240116
36.2553,wrist_yaw,-2.583726866036282e-07,0.0
36.2944,shoulder_yaw,-0.1765981554639143,-0.1938836526013291
36.2944,shoulder_pitch,0.036127263771209,0.053897333607192434
36.2944,elbow_pitch,0.8273822522510105,1.189696907168366
36.2944,wrist_yaw,-3.5123337747684474e-07,0.0
36.3322,shoulder_yaw,-0.17267656320843308,-0.18954097981195286
36.3322,shoulder_pitch,0.03700616514507795,0.05895282610474853
36.3322,elbow_pitch,0.82953445676243,1.1917342563267241
36.3322,wrist_yaw,-1.3261282347206508e-07,0.0
36.3705,shoulder_yaw,-0.16869933709468157,-0.18502373761960436
36.3705,shoulder_pitch,0.037928983417463966,0.06408809344990897
36.3705,elbow_pitch,0.8316437662916808,1.193592778579097
36.3705,wrist_yaw,-1.566916278800677e-07,0.0
36.4102,shoulder_yaw,-0.16464122757888155,-0.18037760493005234
36.4102,shoulder_pitch,0.03890434876458127,0.06924261359989077
36.4102,elbow_pitch,0.833615423043612,1.1952378907937984
36.4102,wrist_yaw,-2.5156297331877e-07,0.0
36.4481,shoulder_yaw,-0.1605170528318438,-0.17572957458110006
36.4481,shoulder_pitch,0.03993664584935703,0.07427389891870384
36.4481,elbow_pitch,0.8353689160616565,1.196623748200348
36.4481,wrist_yaw,-1.962382634566918e-07,0.0
36.4847,shoulder_yaw,-0.15641757653331093,-0.17126946138682037
36.4847,shoulder_pitch,0.04101996402965769,0.07898713488622858
36.4847,elbow_pitch,0.8368399155003372,1.197718171538066
36.4847,wrist_yaw,1.4287017889154722e-07,0.0
36.5201,shoulder_yaw,-0.15240135471231464,-0.16687151214406612
36.5201,shoulder_pitch,0.042160236313021834,0.08352750877023091
36.5201,elbow_pitch,0.8379938581094857,1.1985794727273178
36.5201,wrist_yaw,3.5984214560458207e-07,0.0
36.5555,shoulder_yaw,-0.14847800739141684,-0.1625012201127471
36.5555,shoulder_pitch,0.04336940427877172,0.08793634681430124
36.5555,elbow_pitch,0.8388236066651638,1.1992281312279216
36.5555,wrist_yaw,3.8970498643922463e-07,0.0
36.5941,shoulder_yaw,-0.14442497228284165,-0.15751960696242726
36.5941,shoulder_pitch,0.04469430925929187,0.09283950505962997
36.5941,elbow_pitch,0.8393562010708058,1.1997239381519311
36.5941,wrist_yaw,-4.420112227038525e-07,0.0
36.6329,shoulder_yaw,-0.14017638015027978,-0.15255052245406334
36.6329,shoulder_pitch,0.04613845451471329,0.09760326602191582
36.6329,elbow_pitch,0.8396158372416496,1.1999685967712792
36.6329,wrist_yaw,-6.963472988931623e-07,0.0
36.6715,shoulder_yaw,-0.13575501849344104,-0.1475393734150254
36.6715,shoulder_pitch,0.04768515987102882,0.10228156425737223
36.6715,elbow_pitch,0.8396282690094082,1.1999710951982647
36.6715,wrist_yaw,-6.101645600593906e-07,0.0
36.7104,shoulder_yaw,-0.1312015560231367,-0.14242365746339566
36.7104,shoulder_pitch,0.04931042377437349,0.10692978214523637
36.7104,elbow_pitch,0.8394206696779017,1.1997290053729797
36.7104,wrist_yaw,-4.5824850360489353e-07,0.0
36.7476,shoulder_yaw,-0.12664726112776212,-0.13750341488774184
36.7476,shoulder_pitch,0.05097482936302791,0.11128092029105406
36.7476,elbow_pitch,0.8390184193454001,1.1992704372234801
36.7476,wrist_yaw,2.436969408808032e-08,0.0
36.7836,shoulder_yaw,-0.12219586091323333,-0.13269317693875168
36.7836,shoulder_pitch,0.052642006474464154,0.11542345456214415
36.7836,elbow_pitch,0.8384487327373823,1.1986147244031575
36.7836,wrist_yaw,4.06577400827163e-07,0.0
36.8226,shoulder_yaw,-0.11770915577456402,-0.1274010106522584
36.8226,shoulder_pitch,0.054300039990721166,0.11985588776284298
36.8226,elbow_pitch,0.8377352928933717,1.1976635870926566
36.8226,wrist_yaw,-1.0262747098074914e-07,0.0
36.8613,shoulder_yaw,-0.11315426854419587,-0.12219003188798823
36.8613,shoulder_pitch,0.055928664526500194,0.12409414694398845
36.8613,elbow_pitch,0.836894381650721,1.1964989415340712
36.8613,wrist_yaw,-2.3390308498500724e-07,0.0
36.8958,shoulder_yaw,-0.10866533713302465,-0.1173713947542349
36.8958,shoulder_pitch,0.05750166745948448,0.1279034376542496
36.8958,elbow_pitch,0.8359431434302905,1.1952265030802152
36.8958,wrist_yaw,2.553463375942633e-07,0.0
36.9316,shoulder_yaw,-0.10423963414383565,-0.11240350948044765
36.9316,shoulder_pitch,0.05900719006126722,0.1317215829576456
36.9316,elbow_pitch,0.8348934193385427,1.1937235606717158
36.9316,wrist_yaw,2.480523842836759e-07,0.0
36.9691,shoulder_yaw,-0.09977628595212774,-0.10719908704257414
36.9691,shoulder_pitch,0.06044208644936857,0.13560406598509878
36.9691,elbow_pitch,0.8337469785978614,1.1919467429186923
36.9691,wrist_yaw,-1.2690314808361456e-07,0.0
37.0062,shoulder_yaw,-0.09523101629305544,-0.10197604466764167
37.0062,shoulder_pitch,0.061805488921430306,0.13938092739743618
37.0062,elbow_pitch,0.8325007435584305,1.1899612578804535
37.0062,wrist_yaw,-2.961305406947369e-07,0.0
37.045,shoulder_yaw,-0.09051430420228225,-0.0964537516045973
37.045,shoulder_pitch,0.06310082701590769,0.14324531720447115
37.045,elbow_pitch,0.831139787152633,1.1876478765023082
37.045,wrist_yaw,-6.26057304516967e-07,0.0
37.0842,shoulder_yaw,-0.08563796999912578,-0.09091725572667482
37.0842,shoulder_pitch,0.06433371606363324,0.1469879545199332
37.0842,elbow_pitch,0.8296489426195703,1.1851139262803052
37.0842,wrist_yaw,-5.896492147343275e-07,0.0
37.1236,shoulder_yaw,-0.08063904214837286,-0.08529625358725124
37.1236,shoulder_pitch,0.06551166034891857,0.15065401360851308
37.1236,elbow_pitch,0.8280120668846498,1.1823278298086701
37.1236,wrist_yaw,-4.5658995189089387e-07,0.0
37.159,shoulder_yaw,-0.0757294549621035,-0.08013331936418809
37.159,shoulder_pitch,0.06664718679130652,0.15390353764840342
37.159,elbow_pitch,0.8262366526692544,1.1795845860887761
37.159,wrist_yaw,3.1410202460999895e-07,0.0
37.1965,shoulder_yaw,-0.07089983530895981,-0.07470618444495404
37.1965,shoulder_pitch,0.06774504562037932,0.15719859390199947
37.1965,elbow_pitch,0.8243174765804152,1.1765160752204533
37.1965,wrist_yaw,2.8445710585240364e-07,0.0
37.2354,shoulder_yaw,-0.06603464255721779,-0.06902808278448995
37.2354,shoulder_pitch,0.06880636762845677,0.16051433101867107
37.2354,elbow_pitch,0.8222399318994639,1.1731083948579348
37.2354,wrist_yaw,-1.467194155100155e-07,0.0
37.2727,shoulder_yaw,-0.0611660471067165,-0.0635917713510773
37.2727,shoulder_pitch,0.06984074167758929,0.16356334890066693
37.2727,elbow_pitch,0.8200088413565501,1.1696620487808378
37.2727,wrist_yaw,-3.825732440808447e-08,0.0
37.3109,shoulder_yaw,-0.056255477863899235,-0.05798115898548191
37.3109,shoulder_pitch,0.07084935883789378,0.16658194045124114
37.3109,elbow_pitch,0.817620737236227,1.1659219657084245
37.3109,wrist_yaw,-1.800365356907945e-07,0.0
37.3487,shoulder_yaw,-0.05131352078269856,-0.05241718419183544
37.3487,shoulder_pitch,0.07183553249727455,0.1694473229807255
37.3487,elbow_pitch,0.8150794007504185,1.1620342555962628
37.3487,wrist_yaw,-1.479240363694714e-07,0.0
37.3867,shoulder_yaw,-0.04634619897380467,-0.04681946376339474
37.3867,shoulder_pitch,0.07279959444527458,0.17220171449029206
37.3867,elbow_pitch,0.8123889075501473,1.1579484047433257
37.3867,wrist_yaw,-1.2883786922648288e-07,0.0
37.4256,shoulder_yaw,-0.041135847248896476,-0.041038237606819655
37.4256,shoulder_pitch,0.07373488577365685,0.17491153608137316
37.4256,elbow_pitch,0.8095437323500373,1.153550027702009
37.4256,wrist_yaw,-9.364362942015544e-07,0.0
37.4612,shoulder_yaw,-0.035752251734201046,-0.03568356239485493
37.4612,shoulder_pitch,0.074656192907862,0.17729934610222498
37.4612,elbow_pitch,0.8065736687122639,1.1493188507768695
37.4612,wrist_yaw,-6.959913954773286e-07,0.0
37.4964,shoulder_yaw,-0.030409271607701367,-0.030427411524770888
37.4964,shoulder_pitch,0.07556681994135012,0.1795291180776226
37.4964,elbow_pitch,0.8035078288635469,1.1450224608386386
37.4964,wrist_yaw,9.837994690521057e-08,0.0
37.5351,shoulder_yaw,-0.02477130970545763,-0.024654622689602477
37.5351,shoulder_pitch,0.07643532021034961,0.18184779778015603
37.5351,elbow_pitch,0.8003282126777047,1.140145012016174
37.5351,wrist_yaw,-1.14348405748993e-06,0.0
37.5739,shoulder_yaw,-0.018958895345106766,-0.018891686634235315
37.5739,shoulder_pitch,0.07725074023918668,0.18402640487687896
37.5739,elbow_pitch,0.7970267859649558,1.1351149106567044
37.5739,wrist_yaw,-7.22866304642501e-07,0.0
37.6096,shoulder_yaw,-0.013460861189897526,-0.013591056429042403
37.6096,shoulder_pitch,0.07803562725803767,0.18590999798441868
37.6096,elbow_pitch,0.7936377447055272,1.1303504925829972
37.6096,wrist_yaw,1.109498471388904e-06,0.0
37.6473,shoulder_yaw,-0.007919859348134092,-0.007906901642490334
37.6473,shoulder_pitch,0.07877165464517329,0.18780157673416376
37.6473,elbow_pitch,0.7901516699580194,1.1250989427867608
37.6473,wrist_yaw,-2.0795289067092792e-07,0.0
37.6845,shoulder_yaw,-0.0023404401206096772,-0.002330086640400439
37.6845,shoulder_pitch,0.07945895271070554,0.18952803056655
37.6845,elbow_pitch,0.7865731784542389,1.1198076065435087
37.6845,wrist_yaw,-2.213452005038417e-07,0.0
37.7223,shoulder_yaw,0.0033230387551174867,0.0033508104752488594
37.7223,shoulder_pitch,0.08009157473155651,0.19115445518875993
37.7223,elbow_pitch,0.7828970956503526,1.1142804080396411
37.7223,wrist_yaw,-3.9050875600853196e-07,0.0
37.7574,shoulder_yaw,0.008700131466461423,0.008579588631154468
37.7574,shoulder_pitch,0.08069856836255317,0.19253298867864682
37.7574,elbow_pitch,0.7791614497352721,1.1090745873020038
37.7574,wrist_yaw,1.0059501852595762e-06,0.0
37.7954,shoulder_yaw,0.01426073769140066,0.014326785966445432
37.7954,shoulder_pitch,0.08124796131401474,0.19391657579364044
37.7954,elbow_pitch,0.7753409834328764,1.1032257729539425
37.7954,wrist_yaw,-7.584739237718396e-07,0.0
37.8344,shoulder_yaw,0.020061210569726505,0.020148289311893074
37.8344,shoulder_pitch,0.08172638205869065,0.1951767360165947
37.8344,elbow_pitch,0.7714145926978834,1.0971704074610873
37.8344,wrist_yaw,-1.0108489335469667e-06,0.0
37.8711,shoulder_yaw,0.02572495687207146,0.025662138985123994
37.8711,shoulder_pitch,0.08216008807178111,0.19623830869959952
37.8711,elbow_pitch,0.7674010431168204,1.091317775857498
37.8711,wrist_yaw,4.2900354446998685e-07,0.0
37.9101,shoulder_yaw,0.03145771697865192,0.031475282159895514
37.9101,shoulder_pitch,0.08253692609425917,0.19721744946438743
37.9101,elbow_pitch,0.7632833790648759,1.0850283774893161
37.9101,wrist_yaw,-3.4355958185357337e-07,0.0
37.949,shoulder_yaw,0.03612444613049716,0.037285441392664806
37.949,shoulder_pitch,0.0828591243230881,0.19805129987778536
37.949,elbow_pitch,0.7590545010989438,1.0786246559785075
37.949,wrist_yaw,4.021238739758174e-06,0.0
37.9872,shoulder_yaw,0.04037848233146052,0.042975922555839534
37.9872,shoulder_pitch,0.08314311467938502,0.1987264283578145
37.9872,elbow_pitch,0.7547251580721304,1.0722434258922122
37.9872,wrist_yaw,1.5721230429422328e-06,0.0
38.0257,shoulder_yaw,0.044712699091539396,0.048682313738082586
38.0257,shoulder_pitch,0.08339565108036513,0.19926143868658022
38.0257,elbow_pitch,0.7503032590502781,1.0657400954301561
38.0257,wrist_yaw,-3.9243562446783577e-07,0.0
38.0646,shoulder_yaw,0.04936087810457907,0.05441857182804851
38.0646,shoulder_pitch,0.08361608318373641,0.19965444720720718
38.0646,elbow_pitch,0.7457932716362307,1.0591020263184583
38.0646,wrist_yaw,-1.322061787780831e-06,0.0
38.1018,shoulder_yaw,0.05423418946375086,0.05985249882857172
38.1018,shoulder_pitch,0.08382998106592715,0.19989136923783746
38.1018,elbow_pitch,0.7412326524500377,1.0527248579176547
38.1018,wrist_yaw,-9.852403605927905e-07,0.0
38.1389,shoulder_yaw,0.05921333358238152,0.06531065942914449
38.1389,shoulder_pitch,0.08403265958093127,0.19999521711898857
38.1389,elbow_pitch,0.7366407655199098,1.0462361791594632
38.1389,wrist_yaw,-5.13154497955763e-07,0.0
38.1782,shoulder_yaw,0.06429102047436748,0.07105913777013823
38.1782,shoulder_pitch,0.08418202524459267,0.19995743422018233
38.1782,elbow_pitch,0.7319966594953947,1.039316821259597
38.1782,wrist_yaw,-4.851203247890231e-07,0.0
38.2175,shoulder_yaw,0.06941203986132426,0.07675576549177428
38.2175,shoulder_pitch,0.08426697980073043,0.1997690484703976
38.2175,elbow_pitch,0.7272955110685785,1.0323779610760195
38.2175,wrist_yaw,-2.726601076976411e-07,0.0
38.2565,shoulder_yaw,0.07451910004909977,0.0824110996748957
38.2565,shoulder_pitch,0.08429010827183203,0.19943122840402475
38.2565,elbow_pitch,0.7225409458685113,1.0254134769775896
38.2565,wrist_yaw,-4.430003917442413e-08,0.0
38.2956,shoulder_yaw,0.07957825942928069,0.08803756320918142
38.2956,shoulder_pitch,0.0842573243163974,0.19894372612864955
38.2956,elbow_pitch,0.7177396555330982,1.0184142288441074
38.2956,wrist_yaw,9.254011807474593e-08,0.0
38.3348,shoulder_yaw,0.08458310899579737,0.09364580029676516
38.3348,shoulder_pitch,0.08417312105088982,0.19830505823437353
38.3348,elbow_pitch,0.7128983616502621,1.01137265916343
38.3348,wrist_yaw,1.1900207136619376e-07,0.0
38.3738,shoulder_yaw,0.08951544327881439,0.09914554184454014
38.3738,shoulder_pitch,0.08404982321741036,0.19752809533509774
38.3738,elbow_pitch,0.7080337282319197,1.004409030699222
38.3738,wrist_yaw,1.9347843583970373e-07,0.0
38.4128,shoulder_yaw,0.09440731992853629,0.10469640766141135
38.4128,shoulder_pitch,0.08388102215708693,0.19658989260147572
38.4128,elbow_pitch,0.7031484721988992,0.997327019476225
38.4128,wrist_yaw,6.513216502801927e-08,0.0
38.4523,shoulder_yaw,0.09926409425816131,0.11016480756654436
38.4523,shoulder_pitch,0.08366972185146151,0.1955114360072679
38.4523,elbow_pitch,0.6982531175325111,0.9903024121321802
38.4523,wrist_yaw,4.2014562521153004e-08,0.0
38.4895,shoulder_yaw,0.10399479647653205,0.11529308237694472
38.4895,shoulder_pitch,0.08345025017909023,0.19435825126913234
38.4895,elbow_pitch,0.6933920535987306,0.9836760667019417
38.4895,wrist_yaw,4.197573195039479e-07,0.0
38.524,shoulder_yaw,0.10850109681583724,0.12011772096207922
38.524,shoulder_pitch,0.08325220417549103,0.19314554092101935
38.524,elbow_pitch,0.6886205307804284,0.977411793299274
38.524,wrist_yaw,8.393994735788498e-07,0.0
38.5615,shoulder_yaw,0.112913225026361,0.1252772101739686
38.5615,shoulder_pitch,0.08301599154340722,0.19170873468503108
38.5615,elbow_pitch,0.6839198391542937,0.9706845368142051
38.5615,wrist_yaw,3.097175941606815e-07,0.0
38.5978,shoulder_yaw,0.11726026821443859,0.13020030399280827
38.5978,shoulder_pitch,0.08273311496676412,0.1902000372928346
38.5978,elbow_pitch,0.6793005044928808,0.9642425143909663
38.5978,wrist_yaw,1.8381467245363666e-07,0.0
38.6368,shoulder_yaw,0.12168416950188103,0.13546148150909845
38.6368,shoulder_pitch,0.08234555868132423,0.18843561265297903
38.6368,elbow_pitch,0.6747194651283852,0.95733813705641
38.6368,wrist_yaw,-4.096018199718777e-07,0.0
38.6772,shoulder_yaw,0.12622532336867975,0.14069402128464154
38.6772,shoulder_pitch,0.08184089622873848,0.18652105871726782
38.6772,elbow_pitch,0.670151931658507,0.9504561166711426
38.6772,wrist_yaw,-5.907347628979367e-07,0.0
38.7162,shoulder_yaw,0.1308804059306094,0.145978118747257
38.7162,shoulder_pitch,0.08122027558981285,0.18442167023652759
38.7162,elbow_pitch,0.6655751648875249,0.9434965631951898
38.7162,wrist_yaw,-5.813294789306752e-07,0.0
38.7547,shoulder_yaw,0.13551848437467434,0.15096707911943932
38.7547,shoulder_pitch,0.08053762267309761,0.18228223213567987
38.7547,elbow_pitch,0.6610109856630157,0.9369221868887273
38.7547,wrist_yaw,-2.639910674519693e-08,0.0
38.7939,shoulder_yaw,0.14007092967127557,0.1559426324248365
38.7939,shoulder_pitch,0.07981687218585781,0.1799919917539078
38.7939,elbow_pitch,0.6564691134605494,0.9303675028575294
38.7939,wrist_yaw,2.754127863869014e-07,0.0
38.8336,shoulder_yaw,0.14456873447859211,0.16104551436287182
38.8336,shoulder_pitch,0.07904658488780682,0.1774758674574591
38.8336,elbow_pitch,0.6519354379726346,0.923653094274109
38.8336,wrist_yaw,1.4560967224700637e-07,0.0
38.8733,shoulder_yaw,0.14900753024776672,0.16601644416036285
38.8733,shoulder_pitch,0.07824067876983216,0.1748567617604423
38.8733,elbow_pitch,0.6474166856538344,0.9171262220300824
38.8733,wrist_yaw,1.6337589188214807e-07,0.0
38.9089,shoulder_yaw,0.15326822616146926,0.1705322629166815
38.9089,shoulder_pitch,0.07746213275309013,0.1723290127690185
38.9089,elbow_pitch,0.6429697351496487,0.9112142072561054
38.9089,wrist_yaw,6.863576892962597e-07,0.0
38.9477,shoulder_yaw,0.15741904897408407,0.1752928870477109
38.9477,shoulder_pitch,0.07667719300159351,0.16950608790092264
38.9477,elbow_pitch,0.6385888324816343,0.9050053158562128
38.9477,wrist_yaw,4.0282221608631927e-07,0.0
38.9867,shoulder_yaw,0.16151288912479567,0.17998125548496424
38.9867,shoulder_pitch,0.07586716517447004,0.1665618524654532
38.9867,elbow_pitch,0.6342751164180832,0.8989204449305477
38.9867,wrist_yaw,1.695059132374473e-07,0.0
39.0247,shoulder_yaw,0.165534021180839,0.18445519215215458
39.0247,shoulder_pitch,0.07504243097288121,0.16359481939401155
39.0247,elbow_pitch,0.6300510192818215,0.8931474608684506
39.0247,wrist_yaw,2.413289496350695e-07,0.0
39.0637,shoulder_yaw,0.16954960294899163,0.18910467693477115
39.0637,shoulder_pitch,0.07416512983837807,0.16034215607974703
39.0637,elbow_pitch,0.6259016245223343,0.8871893697160753
39.0637,wrist_yaw,-5.02431285729521e-08,0.0
39.102,shoulder_yaw,0.1735133885690541,0.1934636189409419
39.102,shoulder_pitch,0.07325521437627384,0.1571298867140308
39.102,elbow_pitch,0.6218500309283032,0.8816484284958237
39.102,wrist_yaw,1.5314085324671698e-07,0.0
39.1422,shoulder_yaw,0.17746741658502319,0.19799646359132117
39.1422,shoulder_pitch,0.07228184044327707,0.1536152187669206
39.1422,elbow_pitch,0.6178816392994355,0.8759397058816603
39.1422,wrist_yaw,-2.766628249740724e-08,0.0
39.1767,shoulder_yaw,0.18126454820644755,0.20193088949438115
39.1767,shoulder_pitch,0.07131471491281482,0.15041442014769973
39.1767,elbow_pitch,0.6140549630375229,0.8710348473869118
39.1767,wrist_yaw,6.316383056133736e-07,0.0
39.2144,shoulder_yaw,0.1849389045126034,0.20609086532513368
39.2144,shoulder_pitch,0.07032155582651592,0.14687166170746954
39.2144,elbow_pitch,0.6103629111417506,0.8659062390498734
39.2144,wrist_yaw,4.945116560867294e-07,0.0
39.2511,shoulder_yaw,0.18846261712861878,0.20994773323911434
39.2511,shoulder_pitch,0.0693168714430149,0.14343506828762012
39.2511,elbow_pitch,0.6068273244498377,0.8612103889053183
39.2511,wrist_yaw,6.214614629612582e-07,0.0
39.2877,shoulder_yaw,0.19190902677441152,0.21394637320447268
39.2877,shoulder_pitch,0.06826278385553287,0.13971046291537956
39.2877,elbow_pitch,0.6034309161379479,0.8564090102315112
39.2877,wrist_yaw,2.9752422054784094e-07,0.0
39.3254,shoulder_yaw,0.1953198148950686,0.21785862249644358
39.3254,shoulder_pitch,0.06714590660367992,0.13589918178888588
39.3254,elbow_pitch,0.600164716158158,0.8517849549886005
39.3254,wrist_yaw,1.0676009893365996e-07,0.0
39.3632,shoulder_yaw,0.19871900068559972,0.22173298919121354
39.3632,shoulder_pitch,0.06595957657218814,0.13195334790214483
39.3632,elbow_pitch,0.597019223829235,0.8472854686543061
39.3632,wrist_yaw,-1.297427950354579e-09,0.0
39.4023,shoulder_yaw,0.2021266702114132,0.2256173167617953
39.4023,shoulder_pitch,0.06469593005570638,0.12781662425306628
39.4023,elbow_pitch,0.5939802323516271,0.8428629675184218
39.4023,wrist_yaw,-9.245672516775649e-08,0.0
39.4413,shoulder_yaw,0.20553661839374898,0.22944835628279747
39.4413,shoulder_pitch,0.06336014133155418,0.12354899940209577
39.4413,elbow_pitch,0.5910398326382508,0.8385975821807731
39.4413,wrist_yaw,-6.389658138643235e-08,0.0
39.4804,shoulder_yaw,0.2089081815651093,0.23314901222687776
39.4804,shoulder_pitch,0.06197437138663776,0.11923875512539989
39.4804,elbow_pitch,0.5882025596713077,0.8345782864427014
39.4804,wrist_yaw,1.2560564939388426e-07,0.0
39.518,shoulder_yaw,0.21218449761614053,0.23668542161023962
39.518,shoulder_pitch,0.06056773571741253,0.11493627869713774
39.518,elbow_pitch,0.5854821194143901,0.8308400434080105
39.518,wrist_yaw,3.935958017345441e-07,0.0
39.5556,shoulder_yaw,0.21533459373848748,0.24012060933828994
39.5556,shoulder_pitch,0.059155250616561655,0.11057386746883649
39.5556,elbow_pitch,0.582888517770647,0.827315044614187
39.5556,wrist_yaw,5.439712982897339e-07,0.0
39.591,shoulder_yaw,0.21829594858455656,0.24325042365368837
39.591,shoulder_pitch,0.05777333285659199,0.10643167504293843
39.591,elbow_pitch,0.580449967063901,0.8242039027520391
39.591,wrist_yaw,8.412580263332712e-07,0.0
39.6293,shoulder_yaw,0.22114601464798309,0.24658477037574794
39.6293,shoulder_pitch,0.056378814796090776,0.10183064322578857
39.6293,elbow_pitch,0.5781484574868015,0.8210057814604415
39.6293,wrist_yaw,4.88449228689688e-07,0.0
39.6679,shoulder_yaw,0.22393599115447496,0.24981524973243313
39.6679,shoulder_pitch,0.05495555442043624,0.09717410979378846
39.6679,elbow_pitch,0.5759783075162561,0.8180337522836734
39.6679,wrist_yaw,2.4652304379736276e-07,0.0
39.7035,shoulder_yaw,0.22663325900448614,0.2527468862123218
39.7035,shoulder_pitch,0.053531272128459685,0.09276578289924346
39.7035,elbow_pitch,0.5739594374662427,0.8154558625287904
39.7035,wrist_yaw,4.019903428331327e-07,0.0
39.7389,shoulder_yaw,0.22922131412639007,0.25558437123662203
39.7389,shoulder_pitch,0.05211198210761545,0.08832046747444325
39.7389,elbow_pitch,0.572101142922774,0.8130801379726815
39.7389,wrist_yaw,4.86890069588809e-07,0.0
39.775,shoulder_yaw,0.2316999562186427,0.25833400587213223
39.775,shoulder_pitch,0.05069248559398088,0.08383163449812592
39.775,elbow_pitch,0.5704057717911799,0.8109016523541708
39.775,wrist_yaw,4.920289320227933e-07,0.0
39.813,shoulder_yaw,0.23413556310996325,0.26121091918349437
39.813,shoulder_pitch,0.049231742014839194,0.07892753799279252
39.813,elbow_pitch,0.5688535241415896,0.8087668322918676
39.813,wrist_yaw,1.8074670524820677e-07,0.0
39.851,shoulder_yaw,0.23654353499617137,0.2639480914493949
39.851,shoulder_pitch,0.047725766872305765,0.07404632402358824
39.851,elbow_pitch,0.5674413580946727,0.8068884826330717
39.851,wrist_yaw,1.0575390037008311e-07,0.0
39.8887,shoulder_yaw,0.23892373965346714,0.2666193741612785
39.8887,shoulder_pitch,0.04617523723531084,0.0690598198941856
39.8887,elbow_pitch,0.5661682111678792,0.8052161708984404
39.8887,wrist_yaw,1.0874617137897993e-07,0.0
39.9275,shoulder_yaw,0.24126866450441692,0.26923081163559615
39.9275,shoulder_pitch,0.04458203601863434,0.06394967162658248
39.9275,elbow_pitch,0.5650340168346428,0.803753897076758
39.9275,wrist_yaw,1.4644215261026398e-07,0.0
39.9638,shoulder_yaw,0.24351402440541275,0.2715721680898912
39.9638,shoulder_pitch,0.04297990375270356,0.05914833644238643
39.9638,elbow_pitch,0.5640544761812203,0.8026061926100572
39.9638,wrist_yaw,4.55637979194132e-07,0.0
40.0011,shoulder_yaw,0.24564729937030352,0.2739029090527918
40.0011,shoulder_pitch,0.041368531946027735,0.05413858350790021
40.0011,elbow_pitch,0.5632302093187413,0.8016369609508013
40.0011,wrist_yaw,5.219025024245251e-07,0.0
40.0391,shoulder_yaw,0.24767530089790513,0.27616257556668133
40.0391,shoulder_pitch,0.0397433798228296,0.049035724379150714
40.0391,elbow_pitch,0.5625599914689597,0.8008843958320027
40.0391,wrist_yaw,4.911657615769541e-07,0.0
40.0759,shoulder_yaw,0.24959805008404246,0.27828759283162224
40.0759,shoulder_pitch,0.03810870599304081,0.04398740254702165
40.0759,elbow_pitch,0.5620460571668153,0.8003684273855691
40.0759,wrist_yaw,4.929629198227188e-07,0.0
40.1151,shoulder_yaw,0.2514487222278894,0.28042460100507266
40.1151,shoulder_pitch,0.036449933278760095,0.03863245848983439
40.1151,elbow_pitch,0.5616840582927481,0.8000651386490337
40.1151,wrist_yaw,3.360654909262346e-07,0.0
40.1535,shoulder_yaw,0.2532278152921697,0.2824021152915195
40.1535,shoulder_pitch,0.03477294042829539,0.03339145644377315
40.1535,elbow_pitch,0.5614776702477376,0.8000076214675824
40.1535,wrist_yaw,3.336305730039501e-07,0.0
40.1924,shoulder_yaw,0.2549474376473703,0.28434630614409623
40.1924,shoulder_pitch,0.03216705095223654,0.027927138546395947
40.1924,elbow_pitch,0.561171132681671,0.8001960333373304
40.1924,wrist_yaw,2.7785448173999654e-07,0.0
40.2302,shoulder_yaw,0.2565809255799854,0.2860842072794903
40.2302,shoulder_pitch,0.02813783153183244,0.022735811696463108
40.2302,elbow_pitch,0.5606916467353427,0.8006069084195018
40.2302,wrist_yaw,4.013103590611863e-07,0.0
40.2654,shoulder_yaw,0.25809013031879396,0.2876343330256181
40.2654,shoulder_pitch,0.022797672169225652,0.01781677831169021
40.2654,elbow_pitch,0.5601764426097072,0.8012024436846016
40.2654,wrist_yaw,5.817710691678653e-07,0.0
40.3014,shoulder_yaw,0.25947299980068467,0.28912976098886856
40.3014,shoulder_pitch,0.016559371827133493,0.012764741144079082
40.3014,elbow_pitch,0.5598408923365659,0.8020210779120287
40.3014,wrist_yaw,5.909741980116508e-07,0.0
40.3388,shoulder_yaw,0.2607501413567837,0.2905736578708557
40.3388,shoulder_pitch,0.009932764795713415,0.00754287605397042
40.3388,elbow_pitch,0.5598906026213066,0.8030860433792794
40.3388,wrist_yaw,4.914268332409013e-07,0.0
40.376,shoulder_yaw,0.26193644769970054,0.29190850774222266
40.376,shoulder_pitch,0.0034145959703556178,0.0023470959665997616
40.376,elbow_pitch,0.56047231433115,0.8043651233681145
40.376,wrist_yaw,4.217700651489719e-07,0.0
40.4118,shoulder_yaw,0.2630335472972497,0.2931087983936043
40.4118,shoulder_pitch,-0.002611118335305172,-0.002701281432210274
40.4118,elbow_pitch,0.5616404271055921,0.8058166349896003
40.4118,wrist_yaw,4.1967635192989814e-07,0.0
40.4507,shoulder_yaw,0.26406195376460634,0.29429654263179983
40.4507,shoulder_pitch,-0.008107937150062047,-0.008144128975510602
40.4507,elbow_pitch,0.5633113005492072,0.8076113387259326
40.4507,wrist_yaw,3.2547867350188235e-07,0.0
40.4889,shoulder_yaw,0.2650232555409014,0.2953551860065418
40.4889,shoulder_pitch,-0.013164350128607298,-0.013486229264366205
40.4889,elbow_pitch,0.5653481399982676,0.8096043408153448
40.4889,wrist_yaw,3.217197730629364e-07,0.0
40.5279,shoulder_yaw,0.2659146552877865,0.2963211746035167
40.5279,shoulder_pitch,-0.01799190197697646,-0.018908898474511018
40.5279,elbow_pitch,0.5675862553621005,0.8118620391768743
40.5279,wrist_yaw,3.399459906124936e-07,0.0
40.5651,shoulder_yaw,0.266719981019955,0.2971413328508206
40.5651,shoulder_pitch,-0.022742160461126277,-0.024088491770024083
40.5651,elbow_pitch,0.569895278700337,0.8142397062094227
40.5651,wrist_yaw,4.229804701128873e-07,0.0
40.6041,shoulder_yaw,0.26743430533912943,0.2978911672737366
40.6041,shoulder_pitch,-0.02762244922265131,-0.02950464652850379
40.6041,elbow_pitch,0.5721652590277678,0.8169579527878341
40.6041,wrist_yaw,4.500805041105316e-07,0.0
40.6423,shoulder_yaw,0.268049456855513,0.2985140488259752
40.6423,shoulder_pitch,-0.03073783312817883,-0.03477413110348784
40.6423,elbow_pitch,0.5749114185719258,0.819831439317138
40.6423,wrist_yaw,4.917128032489923e-07,0.0
40.6805,shoulder_yaw,0.26855995609619393,0.2990297485409855
40.6805,shoulder_pitch,-0.032546479802075964,-0.04003420648216707
40.6805,elbow_pitch,0.5778679001134953,0.8229265245966016
40.6805,wrist_yaw,5.244282103847253e-07,0.0
40.7158,shoulder_yaw,0.26895679105630743,0.29940393481255645
40.7158,shoulder_pitch,-0.033814339626130695,-0.04479509662007149
40.7158,elbow_pitch,0.5807029761047147,0.825924873604331
40.7158,wrist_yaw,5.715821041930816e-07,0.0
40.7544,shoulder_yaw,0.2692474980919919,0.2997166537529142
40.7544,shoulder_pitch,-0.034907289698863794,-0.05012139741878721
40.7544,elbow_pitch,0.5833003384792567,0.829503475892071
40.7544,wrist_yaw,5.339860441650143e-07,0.0
40.7934,shoulder_yaw,0.26943809896808457,0.29991345162385386
40.7934,shoulder_pitch,-0.03596377338325298,-0.055372920463392095
40.7934,elbow_pitch,0.5856600760371113,0.8332664641694247
40.7934,wrist_yaw,5.022722046359934e-07,0.0
40.8322,shoulder_yaw,0.26953260920222966,0.29999676806094955
40.8322,shoulder_pitch,-0.03701290013510663,-0.06056601085516198
40.8322,elbow_pitch,0.5878458980121939,0.8372200430855815
40.8322,wrist_yaw,4.811898964256045e-07,0.0
40.8709,shoulder_yaw,0.2695328973474862,0.29996739585504634
40.8709,shoulder_pitch,-0.03804649599753825,-0.06571603467073582
40.8709,elbow_pitch,0.5899488615835333,0.841372929640613
40.8709,wrist_yaw,4.7108465314479006e-07,0.0
40.9098,shoulder_yaw,0.2694387416370481,0.29982456942082214
40.9098,shoulder_pitch,-0.03905585350012281,-0.07083645115264917
40.9098,elbow_pitch,0.5920649003799938,0.8457353717024336
40.9098,wrist_yaw,4.7155609720762683e-07,0.0
40.9473,shoulder_yaw,0.2692511971995071,0.29958118990034327
40.9473,shoulder_pitch,-0.040050056139461165,-0.07569420696112268
40.9473,elbow_pitch,0.5942672486365812,0.8500936152094439
40.9473,wrist_yaw,4.6574607320043276e-07,0.0
40.9864,shoulder_yaw,0.268966723582166,0.2992120743880814
40.9864,shoulder_pitch,-0.04104070458349234,-0.08075666554295885
40.9864,elbow_pitch,0.5966338215335425,0.8548682121022525
40.9864,wrist_yaw,4.825051315777415e-07,0.0
41.026,shoulder_yaw,0.2685808741619326,0.29872423525835107
41.026,shoulder_pitch,-0.04205231788441401,-0.08578770589879947
41.026,elbow_pitch,0.5992240250126726,0.8598544085273515
41.026,wrist_yaw,5.038413334929011e-07,0.0
41.0608,shoulder_yaw,0.2681061196370856,0.2981969486649976
41.0608,shoulder_pitch,-0.04313288121749737,-0.09017198349297291
41.0608,elbow_pitch,0.6020336162323663,0.8644009859167602
41.0608,wrist_yaw,4.4111632661437135e-07,0.0
41.1011,shoulder_yaw,0.2675375780544414,0.2975046390075622
41.1011,shoulder_pitch,-0.04428962245196241,-0.09498100714690044
41.1011,elbow_pitch,0.6050917259079913,0.8696100005421188
41.1011,wrist_yaw,4.632575993131343e-07,0.0
41.1411,shoulder_yaw,0.26686205937889856,0.29665987345591077
41.1411,shoulder_pitch,-0.04552404782472932,-0.09994232395681102
41.1411,elbow_pitch,0.6084275413755398,0.8752351118258149
41.1411,wrist_yaw,5.276356392509102e-07,0.0
41.1843,shoulder_yaw,0.26606327494342846,0.29566007626067436
41.1843,shoulder_pitch,-0.046838625973087716,-0.10497740978824557
41.1843,elbow_pitch,0.612061961387693,0.8812142006362512
41.1843,wrist_yaw,6.068071971968455e-07,0.0
41.2193,shoulder_yaw,0.26515913340714686,0.29466067065082174
41.2193,shoulder_pitch,-0.04826711342484898,-0.10938511774179847
41.2193,elbow_pitch,0.6159448155532556,0.8866805980672496
41.2193,wrist_yaw,5.169231040948097e-07,0.0
41.255,shoulder_yaw,0.26417652522405216,0.29361169921171615
41.255,shoulder_pitch,-0.049820350751739566,-0.1135208100433339
41.255,elbow_pitch,0.6200101765468969,0.8920148278135938
41.255,wrist_yaw,3.8124991570655233e-07,0.0
41.2942,shoulder_yaw,0.2631097011537716,0.2923589654075925
41.2942,shoulder_pitch,-0.051456283004036436,-0.11796029832774352
41.2942,elbow_pitch,0.6242403748867524,0.8979713107843901
41.2942,wrist_yaw,4.0697681176520796e-07,0.0
41.331,shoulder_yaw,0.26196477855256245,0.29105964911617377
41.331,shoulder_pitch,-0.05315193460257034,-0.12211779538911488
41.331,elbow_pitch,0.6285907574241996,0.9037755427880347
41.331,wrist_yaw,3.7642943423509685e-07,0.0
41.3668,shoulder_yaw,0.26075608897920655,0.28972011087054317
41.3668,shoulder_pitch,-0.054887115137610964,-0.12602531410829654
41.3668,elbow_pitch,0.6330036459951395,0.9094397563100138
41.3668,wrist_yaw,3.042698681866751e-07,0.0
41.4054,shoulder_yaw,0.2594665856058631,0.2881812488241127
41.4054,shoulder_pitch,-0.056609362896944654,-0.13012982651168611
41.4054,elbow_pitch,0.637466904577652,0.9156187607224617
41.4054,wrist_yaw,3.856304070478904e-07,0.0
41.4434,shoulder_yaw,0.2580768647267318,0.2865151503725005
41.4434,shoulder_pitch,-0.058281144700835695,-0.13419337618176722
41.4434,elbow_pitch,0.6419731653256328,0.9219802986288498
41.4434,wrist_yaw,4.798682441221703e-07,0.0
41.4832,shoulder_yaw,0.25656899112857606,0.28471401933583296
41.4832,shoulder_pitch,-0.05987808610711439,-0.13821832001644135
41.4832,elbow_pitch,0.646520977395626,0.9285355897925381
41.4832,wrist_yaw,5.654852834576962e-07,0.0
41.5252,shoulder_yaw,0.25493690319785334,0.28280911348679405
41.5252,shoulder_pitch,-0.061393203948214514,-0.142127105684839
41.5252,elbow_pitch,0.6511048599123788,0.9351598230727243
41.5252,wrist_yaw,5.925389012563564e-07,0.0
41.5628,shoulder_yaw,0.2531689028903946,0.2807287387386743
41.5628,shoulder_pitch,-0.06281680043178144,-0.146050704416548
41.5628,elbow_pitch,0.6557368610954758,0.9420833115477462
41.5628,wrist_yaw,6.459255280551139e-07,0.0
41.6024,shoulder_yaw,0.2512728842533275,0.27857004210255576
41.6024,shoulder_pitch,-0.06416074993469575,-0.1497969352975817
41.6024,elbow_pitch,0.6604141360771334,0.9489699272449428
41.6024,wrist_yaw,6.045646257361761e-07,0.0
41.6406,shoulder_yaw,0.24927500121393137,0.27636399045938986
41.6406,shoulder_pitch,-0.06544683015419557,-0.15333054130723175
41.6406,elbow_pitch,0.6651194546151309,0.955733210933474
41.6406,wrist_yaw,4.73996806985525e-07,0.0
41.6797,shoulder_yaw,0.24720644969931047,0.2741052685989502
41.6797,shoulder_pitch,-0.06669205542191198,-0.1566793120611603
41.6797,elbow_pitch,0.6698312742892235,0.9624030481300598
41.6797,wrist_yaw,3.1964394338333226e-07,0.0
41.7165,shoulder_yaw,0.24508473315195656,0.2717495326732837
41.7165,shoulder_pitch,-0.06789832735747145,-0.15991647257173372
41.7165,elbow_pitch,0.6745380269178881,0.9691131783407962
41.7165,wrist_yaw,2.3251857617269068e-07,0.0
41.7556,shoulder_yaw,0.24289609993984232,0.26921545081074677
41.7556,shoulder_pitch,-0.06904927118550064,-0.16314076996774618
41.7556,elbow_pitch,0.6792523124954488,0.976078155714646
41.7556,wrist_yaw,2.9668173890329027e-07,0.0
41.7903,shoulder_yaw,0.24069274156089673,0.26688957411085373
41.7903,shoulder_pitch,-0.07018490047037125,-0.16588976076559883
41.7903,elbow_pitch,0.6839170931983388,0.9822605909717353
41.7903,wrist_yaw,4.640528944744706e-08,0.0
41.8257,shoulder_yaw,0.23847938687407627,0.26440550410224856
41.8257,shoulder_pitch,-0.07129155558774819,-0.16862540247963426
41.8257,elbow_pitch,0.688519161153518,0.9886596071264915
41.8257,wrist_yaw,2.0345870388028947e-08,0.0
41.8637,shoulder_yaw,0.23621021278397059,0.261687067690678
41.8637,shoulder_pitch,-0.07232990306223823,-0.17140427325014404
41.8637,elbow_pitch,0.6930858086871188,0.9954395623136947
41.8637,wrist_yaw,2.3924748392370516e-07,0.0
41.899,shoulder_yaw,0.23388087853108935,0.2590272129646629
41.899,shoulder_pitch,-0.07330754798092196,-0.17392565229091067
41.899,elbow_pitch,0.6976065454636021,1.0018645970175133
41.899,wrist_yaw,2.608271247741072e-07,0.0
41.9372,shoulder_yaw,0.23144238691862337,0.2560900449490217
41.9372,shoulder_pitch,-0.07419914927341395,-0.17650302862924613
41.9372,elbow_pitch,0.7021159013300603,1.008736537988052
41.9372,wrist_yaw,4.898790997962277e-07,0.0
41.9729,shoulder_yaw,0.22891299820367939,0.25326202538273185
41.9729,shoulder_pitch,-0.07503335625355655,-0.1787966626350443
41.9729,elbow_pitch,0.7065978215660803,1.0151465260798078
41.9729,wrist_yaw,4.0283306907497266e-07,0.0
42.0119,shoulder_yaw,0.22624759467710437,0.2500727376857183
42.0119,shoulder_pitch,-0.07578628813711558,-0.18118039340465877
42.0119,elbow_pitch,0.7110956937303043,1.0221477609967857
42.0119,wrist_yaw,6.10101922542086e-07,0.0
42.0514,shoulder_yaw,0.22342516535916618,0.24677275918506603
42.0514,shoulder_pitch,-0.07646397133250205,-0.18343861884911722
42.0514,elbow_pitch,0.7156356665111585,1.0291535028148628
42.0514,wrist_yaw,7.070888769060345e-07,0.0
42.0872,shoulder_yaw,0.22051147512643682,0.24365083784962233
42.0872,shoulder_pitch,-0.07712158895089877,-0.1853951421353439
42.0872,elbow_pitch,0.7201820821045292,1.0355708853632264
42.0872,wrist_yaw,3.9380327837609467e-07,0.0
42.1233,shoulder_yaw,0.21755999826728908,0.24046743207626575
42.1233,shoulder_pitch,-0.07778118806610917,-0.18722319279965166
42.1233,elbow_pitch,0.7247092250341783,1.041915286736717
42.1233,wrist_yaw,1.3715552747166036e-07,0.0
42.1625,shoulder_yaw,0.21452798779282112,0.236896255337338
42.1625,shoulder_pitch,-0.07840529434251037,-0.18908724340266764
42.1625,elbow_pitch,0.7292510492563803,1.0488050243484117
42.1625,wrist_yaw,3.338394683947974e-07,0.0
42.202,shoulder_yaw,0.2113929380331816,0.2332612163468478
42.202,shoulder_pitch,-0.07899063040169085,-0.19079589378762052
42.202,elbow_pitch,0.7338169467306772,1.0555830806361062
42.202,wrist_yaw,4.390597962050739e-07,0.0
42.2418,shoulder_yaw,0.20813389968427318,0.22948315314708637
42.2418,shoulder_pitch,-0.07953810418126793,-0.192383800500589
42.2418,elbow_pitch,0.7384129370956505,1.062388741802491
42.2418,wrist_yaw,5.322089315585792e-07,0.0
42.28,shoulder_yaw,0.2047793661714035,0.22574955856595746
42.28,shoulder_pitch,-0.08007231275588782,-0.19377709524404513
42.28,elbow_pitch,0.7430133878365262,1.068885678206897
42.28,wrist_yaw,3.96761184828666e-07,0.0
42.3202,shoulder_yaw,0.20130774844244914,0.22173321722923248
42.3202,shoulder_pitch,-0.08057904360440182,-0.19509308191902255
42.3202,elbow_pitch,0.7476245445047996,1.0756318463770536
42.3202,wrist_yaw,4.906079582279721e-07,0.0
42.3597,shoulder_yaw,0.19771816152622942,0.21764298981142685
42.3597,shoulder_pitch,-0.08105929024086424,-0.19625051964896228
42.3597,elbow_pitch,0.7522377651518889,1.0822541217824326
42.3597,wrist_yaw,4.923644483430728e-07,0.0
42.3986,shoulder_yaw,0.19404406196163448,0.21356507101981506
42.3986,shoulder_pitch,-0.08152654366444365,-0.1972318716963588
42.3986,elbow_pitch,0.756824503936217,1.0886171319819267
42.3986,wrist_yaw,3.349322269028676e-07,0.0
42.4346,shoulder_yaw,0.1903881262876509,0.20973558635491982
42.4346,shoulder_pitch,-0.08201477593103323,-0.1980052887661218
42.4346,elbow_pitch,0.7613172478980883,1.094382767029471
42.4346,wrist_yaw,-1.3678260561078904e-07,0.0
42.4729,shoulder_yaw,0.18675083871958398,0.2056439661687343
42.4729,shoulder_pitch,-0.08249297859106908,-0.1986814837504096
42.4729,elbow_pitch,0.765700492149302,1.100326165147563
42.4729,wrist_yaw,-1.4175734958702394e-07,0.0
42.5121,shoulder_yaw,0.1830665190572454,0.20129608546459835
42.5121,shoulder_pitch,-0.08291518203174376,-0.19923875781383693
42.5121,elbow_pitch,0.7699862403925435,1.1064041445441122
42.5121,wrist_yaw,1.5952652233968727e-07,0.0
42.5512,shoulder_yaw,0.17929435719164866,0.1969029811753781
42.5512,shoulder_pitch,-0.08326505396065953,-0.1996416826651172
42.5512,elbow_pitch,0.7741738757851232,1.112304492008842
42.5512,wrist_yaw,3.459802503950335e-07,0.0
42.5902,shoulder_yaw,0.17541360683103052,0.1924341371501427
42.5902,shoulder_pitch,-0.08353806303332312,-0.19989465351748506
42.5902,elbow_pitch,0.7782600998642162,1.118065739725345
42.5902,wrist_yaw,4.37217628628577e-07,0.0
42.6278,shoulder_yaw,0.17146873004938135,0.18808369980744136
42.6278,shoulder_pitch,-0.0837535209652953,-0.1999961569193453
42.6278,elbow_pitch,0.7822196268442999,1.1234476969444753
42.6278,wrist_yaw,2.3506477830156878e-07,0.0
42.6673,shoulder_yaw,0.1674381739669289,0.1834525377199346
42.6673,shoulder_pitch,-0.08389496082511441,-0.19995452234718245
42.6673,elbow_pitch,0.786062312413486,1.1289379605864953
42.6673,wrist_yaw,3.27366635512678e-07,0.0
42.7048,shoulder_yaw,0.16336306822814955,0.17895237031429428
42.7048,shoulder_pitch,-0.08397756314147767,-0.19977272898668585
42.7048,elbow_pitch,0.7897725119811513,1.1340429379891412
42.7048,wrist_yaw,1.4456150977705806e-07,0.0
42.744,shoulder_yaw,0.15922278525465922,0.17420824969029058
42.744,shoulder_pitch,-0.08398934278041642,-0.19943680000858277
42.744,elbow_pitch,0.7933612458129103,1.1391853506035676
42.744,wrist_yaw,2.3308322763632048e-07,0.0
42.7846,shoulder_yaw,0.1550044221489069,0.16939253736752852
42.7846,shoulder_pitch,-0.08392978506218622,-0.19895072518166348
42.7846,elbow_pitch,0.7968350809425319,1.1441601787889657
42.7846,wrist_yaw,2.910406674238108e-07,0.0
42.8191,shoulder_yaw,0.15080855589463313,0.1649314042259051
42.8191,shoulder_pitch,-0.08383859415482463,-0.1983752756662448
42.8191,elbow_pitch,0.8001590677962351,1.148553287464328
42.8191,wrist_yaw,-1.5401739479273138e-07,0.0
42.8562,shoulder_yaw,0.14663487879102546,0.16023437882846508
42.8562,shoulder_pitch,-0.08370697995854802,-0.19764430876836978
42.8562,elbow_pitch,0.8033344689358513,1.1529595588836965
42.8562,wrist_yaw,-1.5591925841550242e-07,0.0
42.8929,shoulder_yaw,0.14249935585305273,0.15562879627441834
42.8929,shoulder_pitch,-0.0835382277465082,-0.19680752150677494
42.8929,elbow_pitch,0.806353167003288,1.1570661505454571
42.8929,wrist_yaw,-2.212467805092169e-07,0.0
42.9315,shoulder_yaw,0.13828723337593146,0.15056379112946724
42.9315,shoulder_pitch,-0.08329650433992415,-0.19575502441920156
42.9315,elbow_pitch,0.8092476520214036,1.161342690945774
42.9315,wrist_yaw,2.824065971944499e-07,0.0
42.9704,shoulder_yaw,0.13393949449553763,0.14546693319673867
42.9704,shoulder_pitch,-0.0829788403471537,-0.19456112117107058
42.9704,elbow_pitch,0.8120325000729806,1.1653975671750827
42.9704,wrist_yaw,5.447648949697968e-07,0.0
43.0096,shoulder_yaw,0.12944672002245913,0.1403269033781265
43.0096,shoulder_pitch,-0.0825959476626081,-0.19322509067677648
43.0096,elbow_pitch,0.8147119587062489,1.169239083850255
43.0096,wrist_yaw,5.829509549780595e-07,0.0
43.0481,shoulder_yaw,0.12485322052802782,0.13522279211908103
43.0481,shoulder_pitch,-0.08216721486058572,-0.1917717547861891
43.0481,elbow_pitch,0.8172788163927712,1.172812077297554
43.0481,wrist_yaw,3.8676862652395103e-07,0.0
43.0862,shoulder_yaw,0.12020685755988476,0.1300845759474086
43.0862,shoulder_pitch,-0.08170488375790745,-0.19018550444560822
43.0862,elbow_pitch,0.819725418481217,1.176169913496657
43.0862,wrist_yaw,1.759167678054018e-07,0.0
43.1214,shoulder_yaw,0.11564126348478973,0.12529587735394676
43.1214,shoulder_pitch,-0.08123903658277677,-0.18859937733660773
43.1214,elbow_pitch,0.822021632585622,1.1790869217099518
43.1214,wrist_yaw,-4.0158883784047585e-07,0.0
43.1595,shoulder_yaw,0.11111675838143867,0.1201149834752324
43.1595,shoulder_pitch,-0.08074781332677242,-0.18676982030534436
43.1595,elbow_pitch,0.8241736602770182,1.1820156188037025
43.1595,wrist_yaw,-2.3210088754756753e-07,0.0
43.1966,shoulder_yaw,0.10663849636277198,0.11509850401000656
43.1966,shoulder_pitch,-0.0802312079644696,-0.1848891852308272
43.1966,elbow_pitch,0.8261731769009295,1.18462966556611
43.1966,wrist_yaw,-2.460247676303976e-07,0.0
43.2354,shoulder_yaw,0.10206255115561141,0.109559421380837
43.2354,shoulder_pitch,-0.07965586284615497,-0.18269159846512253
43.2354,elbow_pitch,0.8280401000973365,1.1872663920555064
43.2354,wrist_yaw,3.7217296486909623e-07,0.0
43.2706,shoulder_yaw,0.09747842560394243,0.10460519191398727
43.2706,shoulder_pitch,-0.07904950859107246,-0.1806214847710791
43.2706,elbow_pitch,0.8297523252382499,1.1894058591192431
43.2706,wrist_yaw,-3.613034379636777e-09,0.0
43.3093,shoulder_yaw,0.09280915374620462,0.099127566867796
43.3093,shoulder_pitch,-0.07839196546605784,-0.17822098538451459
43.3093,elbow_pitch,0.8313202921637296,1.1915341228831393
43.3093,wrist_yaw,3.18499445763165e-07,0.0
43.3473,shoulder_yaw,0.08805549194117766,0.09374169051993463
43.3473,shoulder_pitch,-0.0776852228101517,-0.17574943076925154
43.3473,elbow_pitch,0.8327418668732227,1.1933870266727393
43.3473,wrist_yaw,3.213186807436313e-07,0.0
43.3862,shoulder_yaw,0.08320296319585906,0.08820211253367219
43.3862,shoulder_pitch,-0.07692645905104818,-0.17309538182966366
43.3862,elbow_pitch,0.834018178361819,1.1950480986998624
43.3862,wrist_yaw,3.8122311116979107e-07,0.0
43.4215,shoulder_yaw,0.07839793304784305,0.08314744915851323
43.4215,shoulder_pitch,-0.0761419224722734,-0.17057714021463052
43.4215,elbow_pitch,0.8351318543735364,1.196349905183285
43.4215,wrist_yaw,-2.382478396207923e-07,0.0
43.4595,shoulder_yaw,0.07359419118752283,0.07762576157140541
43.4595,shoulder_pitch,-0.07531717337021676,-0.1677236129546743
43.4595,elbow_pitch,0.8360888068002923,1.197541544098835
43.4595,wrist_yaw,-4.70453225608129e-08,0.0
43.4968,shoulder_yaw,0.06880793997006664,0.07227672701256481
43.4968,shoulder_pitch,-0.07445533597807963,-0.16485960154297624
43.4968,elbow_pitch,0.836886653321709,1.1984690700057616
43.4968,wrist_yaw,-1.0742304023045523e-07,0.0
43.5346,shoulder_yaw,0.06400814008553461,0.06679067981481321
43.5346,shoulder_pitch,-0.07355223051466266,-0.1618227538811718
43.5346,elbow_pitch,0.8375273130569086,1.1991910588541144
43.5346,wrist_yaw,2.4157057211912705e-08,0.0
43.5738,shoulder_yaw,0.0590948358986835,0.06098188298029364
43.5738,shoulder_pitch,-0.07259585275956483,-0.15850005624008062
43.5738,elbow_pitch,0.838015858053436,1.1997052252269138
43.5738,wrist_yaw,4.4886188158769825e-07,0.0
43.6088,shoulder_yaw,0.05421287960244548,0.055823760030858316
43.6088,shoulder_pitch,-0.07160968631867035,-0.1554592438208726
43.6088,elbow_pitch,0.8383437454454201,1.1999482597565587
43.6088,wrist_yaw,-1.5537166568439825e-07,0.0
43.6451,shoulder_yaw,0.04938575538005473,0.05045664602679384
43.6451,shoulder_pitch,-0.07059438369995603,-0.15220703510670008
43.6451,elbow_pitch,0.8385123915529477,1.1999900527779976
43.6451,wrist_yaw,-2.606023559602016e-07,0.0
43.6834,shoulder_yaw,0.04453083988262917,0.044787862456056704
43.6834,shoulder_pitch,-0.06953995449825727,-0.14867644017985637
43.6834,elbow_pitch,0.838525794717999,1.1998026859809177
43.6834,wrist_yaw,9.12771622396629e-08,0.0
43.7199,shoulder_yaw,0.03940598787065368,0.03933625687224955
43.7199,shoulder_pitch,-0.0684506105901418,-0.14519043173416274
43.7199,elbow_pitch,0.8383844165655406,1.1994002925873495
43.7199,wrist_yaw,1.1124957616977253e-06,0.0
43.758,shoulder_yaw,0.033787283971515515,0.033663518304258074
43.758,shoulder_pitch,-0.06732291321961176,-0.14147061141757988
43.758,elbow_pitch,0.8380890990111554,1.1987524512682786
43.758,wrist_yaw,2.059875183637729e-06,0.0
43.7971,shoulder_yaw,0.027913939621225865,0.02784681398801337
43.7971,shoulder_pitch,-0.06615369545986517,-0.13756053776268304
43.7971,elbow_pitch,0.8376380627922478,1.1978477456516767
43.7971,wrist_yaw,1.063542463087211e-06,0.0
43.8314,shoulder_yaw,0.022578387016771964,0.022702268078876615
43.8314,shoulder_pitch,-0.06495899817083695,-0.13402301731987823
43.8314,elbow_pitch,0.8370348088291453,1.196846493596087
43.8314,wrist_yaw,-2.2644404429959073e-06,0.0
43.8705,shoulder_yaw,0.016957081118809378,0.01688258682425993
43.8705,shoulder_pitch,-0.06373180234243796,-0.12993328697956447
43.8705,elbow_pitch,0.8362776147261242,1.195488247820069
43.8705,wrist_yaw,1.1481719356593142e-06,0.0
43.9097,shoulder_yaw,0.011079933688606266,0.011012351664215185
43.9097,shoulder_pitch,-0.06246843937639588,-0.12571521966064925
43.9097,elbow_pitch,0.8353623656033651,1.1938776061955327
43.9097,wrist_yaw,1.0840175997327154e-06,0.0
43.9488,shoulder_yaw,0.005199151357027188,0.005192921674089276
43.9488,shoulder_pitch,-0.061168861006779755,-0.12144342631978984
43.9488,elbow_pitch,0.8342855013747887,1.1920443995665806
43.9488,wrist_yaw,1.2788856608986606e-08,0.0
43.9872,shoulder_yaw,-0.0006271150389363794,-0.0006188793616464361
43.9872,shoulder_pitch,-0.05983367926177231,-0.11708925550328386
43.9872,elbow_pitch,0.8330443710094682,1.1899804991783731
43.9872,wrist_yaw,-2.3898943506495415e-07,0.0
44.0221,shoulder_yaw,-0.005962244302131156,-0.005846278121949975
44.0221,shoulder_pitch,-0.05847009277858553,-0.11309914211379289
44.0221,elbow_pitch,0.8316537985030461,1.1879266666232577
44.0221,wrist_yaw,-2.0543380054246766e-06,0.0
44.0607,shoulder_yaw,-0.011566174509517517,-0.01163676315675873
44.0607,shoulder_pitch,-0.05707820611678989,-0.10859906681120962
44.0607,elbow_pitch,0.8301107832850684,1.185434903109734
44.0607,wrist_yaw,1.0996137357258051e-06,0.0
44.0997,shoulder_yaw,-0.01743269355666134,-0.017501953762964755
44.0997,shoulder_pitch,-0.05565703310179968,-0.1039565013885479
44.0997,elbow_pitch,0.8284103868642236,1.1826804762812682
44.0997,wrist_yaw,1.1240761740042033e-06,0.0
44.1385,shoulder_yaw,-0.0232461555360725,-0.023237180280603044
44.1385,shoulder_pitch,-0.05420616525374934,-0.09933604082578786
44.1385,elbow_pitch,0.8265536040729391,1.1797643732555154
44.1385,wrist_yaw,-2.0811362899692237e-07,0.0
44.1766,shoulder_yaw,-0.028960585529698036,-0.028939847627673425
44.1766,shoulder_pitch,-0.05272591713270129,-0.09466394267525688
44.1766,elbow_pitch,0.8245430270410337,1.176648017902545
44.1766,wrist_yaw,-4.1293377508483015e-07,0.0
44.2133,shoulder_yaw,-0.0337728175968137,-0.034459469371600215
44.2133,shoulder_pitch,-0.05121727438108299,-0.09006904167290893
44.2133,elbow_pitch,0.8223893707739688,1.1734271834007783
44.2133,wrist_yaw,-3.7607713266892227e-06,0.0
44.2502,shoulder_yaw,-0.03807012206707683,-0.039953258526103465
44.2502,shoulder_pitch,-0.049683658931333134,-0.08542565961428139
44.2502,elbow_pitch,0.8201021687205562,1.1700229509578661
44.2502,wrist_yaw,-2.181611241716749e-06,0.0
44.2876,shoulder_yaw,-0.04225829916262797,-0.04550689644119053
44.2876,shoulder_pitch,-0.04812933177603417,-0.08066178774463492
44.2876,elbow_pitch,0.8176856777438716,1.1663816376937022
44.2876,wrist_yaw,-4.4693107274392343e-07,0.0
44.3224,shoulder_yaw,-0.046506519231826055,-0.05068180386482366
44.3224,shoulder_pitch,-0.04655573200334656,-0.07616043929921118
44.3224,elbow_pitch,0.8151629127200186,1.1628087488865662
44.3224,wrist_yaw,2.735741501258709e-07,0.0
44.3572,shoulder_yaw,-0.05087304168889971,-0.05577345072419052
44.3572,shoulder_pitch,-0.04496913254879455,-0.0716736177765263
44.3572,elbow_pitch,0.8125540417204111,1.1591249330257853
44.3572,wrist_yaw,5.179604749035156e-07,0.0
44.3964,shoulder_yaw,-0.05555065600887919,-0.061578581052747695
44.3964,shoulder_pitch,-0.04338539390557848,-0.06648896507166871
44.3964,elbow_pitch,0.8098290911218644,1.1547222671725186
44.3964,wrist_yaw,1.3276372047742475e-06,0.0
44.4357,shoulder_yaw,-0.06052251792734848,-0.0672557062768582
44.4357,shoulder_pitch,-0.04180336324667773,-0.061348416108973736
44.4357,elbow_pitch,0.8069730178081305,1.1502090525431936
44.4357,wrist_yaw,1.2698597457812376e-06,0.0
44.4735,shoulder_yaw,-0.06564343734704717,-0.07277137907813434
44.4735,shoulder_pitch,-0.04021410790751036,-0.05628848641537698
44.4735,elbow_pitch,0.803984962313664,1.1456286786266285
44.4735,wrist_yaw,6.594420276639637e-07,0.0
44.5098,shoulder_yaw,-0.0707303776098975,-0.07809855149243568
44.5098,shoulder_pitch,-0.03860796548150449,-0.05134094796345123
44.5098,elbow_pitch,0.8008765655680391,1.1410229130900427
44.5098,wrist_yaw,-1.1390566705925567e-07,0.0
44.5442,shoulder_yaw,-0.07560050981527894,-0.08311268363159285
44.5442,shoulder_pitch,-0.03697724234752837,-0.04663048396561964
44.5442,elbow_pitch,0.797677073780979,1.136525316918463
44.5442,wrist_yaw,-8.886327073308861e-07,0.0
44.578,shoulder_yaw,-0.08017124267882957,-0.08797338060816588
44.578,shoulder_pitch,-0.03532473389572728,-0.042015083134018354
44.578,elbow_pitch,0.794415633540183,1.1320156726628632
44.578,wrist_yaw,-1.2433719156269807e-06,0.0
44.6175,shoulder_yaw,-0.0846721327864845,-0.09351137260126345
44.6175,shoulder_pitch,-0.03367750633727478,-0.03669837924079341
44.6175,elbow_pitch,0.7910573340888742,1.126698930536219
44.6175,wrist_yaw,-2.7521006791149196e-07,0.0
44.6557,shoulder_yaw,-0.08925538950332863,-0.09903221501654438
44.6557,shoulder_pitch,-0.031179602899837778,-0.03133719128890527
44.6557,elbow_pitch,0.7877983805979937,1.1212100971038856
44.6557,wrist_yaw,3.838239179042065e-07,0.0
44.6948,shoulder_yaw,-0.09397423251691023,-0.1045192549878743
44.6948,shoulder_pitch,-0.027196022904493525,-0.025949273442509718
44.6948,elbow_pitch,0.7847180366704002,1.1155692559093053
44.6948,wrist_yaw,5.948492332634469e-07,0.0
44.7339,shoulder_yaw,-0.09881300910784063,-0.10999127111143665
44.7339,shoulder_pitch,-0.021697495231286838,-0.020517691819799695
44.7339,elbow_pitch,0.781694275229677,1.1097604659083191
44.7339,wrist_yaw,4.956406650790602e-07,0.0
44.7696,shoulder_yaw,-0.10357036728912218,-0.11490779349047686
44.7696,shoulder_pitch,-0.01527516772141433,-0.015588313779068445
44.7696,elbow_pitch,0.7784960962442187,1.104385873202663
44.7696,wrist_yaw,-3.898508115848905e-07,0.0
44.8087,shoulder_yaw,-0.10830464855774705,-0.12036272606000356
44.8087,shoulder_pitch,-0.008442130954815965,-0.010065246991543026
44.8087,elbow_pitch,0.7749233812222087,1.0982512507629185
44.8087,wrist_yaw,-1.6647171708981383e-07,0.0
44.8431,shoulder_yaw,-0.11284255115778197,-0.12505453425454713
44.8431,shoulder_pitch,-0.0019304822870773682,-0.005269982335272234
44.8431,elbow_pitch,0.7708495755173798,1.0928311677621532
44.8431,wrist_yaw,-8.868282570386312e-07,0.0
44.8823,shoulder_yaw,-0.11732671682332997,-0.13037402629417286
44.8823,shoulder_pitch,0.004043837039730719,0.0002164490647814709
44.8823,elbow_pitch,0.7662951544628462,1.0865259317316907
44.8823,wrist_yaw,-2.7937019976862716e-07,0.0
44.9218,shoulder_yaw,-0.12183360169434494,-0.13560782120408799
44.9218,shoulder_pitch,0.009466394542678721,0.0056654487190477675
44.9218,elbow_pitch,0.7613729103238085,1.080156967858063
44.9218,wrist_yaw,7.112277185856477e-08,0.0
44.9605,shoulder_yaw,-0.12640153697482018,-0.14084932865547836
44.9605,shoulder_pitch,0.01450623050919671,0.011172596443086087
44.9605,elbow_pitch,0.7562453543575166,1.073614978336391
44.9605,wrist_yaw,2.486173323079589e-07,0.0
44.9997,shoulder_yaw,-0.1309860833541214,-0.14593364897793532
44.9997,shoulder_pitch,0.019361698144153165,0.01656202153304494
44.9997,elbow_pitch,0.7510733055219003,1.0671133401407042
44.9997,wrist_yaw,7.358691450435353e-08,0.0
45.0359,shoulder_yaw,-0.13547205000277548,-0.15073108240563107
45.0359,shoulder_pitch,0.024151402184124496,0.021689753009049025
45.0359,elbow_pitch,0.7459845900201677,1.060838386872296
45.0359,wrist_yaw,-4.071299593703512e-07,0.0
45.0744,shoulder_yaw,-0.13988125109895677,-0.15571379233363852
45.0744,shoulder_pitch,0.02906508603602418,0.027058695877492725
45.0744,elbow_pitch,0.7410646253705733,1.054177542210795
45.0744,wrist_yaw,-3.2099160598787363e-07,0.0
45.1088,shoulder_yaw,-0.14406426181918425,-0.16006322434863468
45.1088,shoulder_pitch,0.03178467090547202,0.03178091548002466
45.1088,elbow_pitch,0.7357576051038235,1.0482441084703298
45.1088,wrist_yaw,-9.478582215064994e-07,0.0
45.1481,shoulder_yaw,-0.14819013842631087,-0.16499590297349523
45.1481,shoulder_pitch,0.033417717176714434,0.03717621902224116
45.1481,elbow_pitch,0.7304880534868002,1.0413810832205619
45.1481,wrist_yaw,-2.050696990508017e-07,0.0
45.1848,shoulder_yaw,-0.15226367341581726,-0.169568596744297
45.1848,shoulder_pitch,0.034602551919641136,0.04221528010222655
45.1848,elbow_pitch,0.7254962054175578,1.0348921961415072
45.1848,wrist_yaw,-1.5672184095986202e-07,0.0
45.2239,shoulder_yaw,-0.15638333131489718,-0.17441270197911735
45.2239,shoulder_pitch,0.03562255782083569,0.047592449893568124
45.2239,elbow_pitch,0.7208193268271851,1.0278856219872847
45.2239,wrist_yaw,2.565539284926637e-07,0.0
45.2628,shoulder_yaw,-0.16055647568081832,-0.17914959683773868
45.2628,shoulder_pitch,0.036598226439873906,0.052889098417727626
45.2628,elbow_pitch,0.7164155088094907,1.020902688218246
45.2628,wrist_yaw,2.9097726137155825e-07,0.0
45.3018,shoulder_yaw,-0.16474240928865608,-0.18379565094191647
45.3018,shoulder_pitch,0.037571450783264286,0.05812082718955295
45.3018,elbow_pitch,0.7122043797537498,1.0139278378834629
45.3018,wrist_yaw,1.1333728556332305e-07,0.0
45.3377,shoulder_yaw,-0.16876149336531798,-0.18792120163094006
45.3377,shoulder_pitch,0.03858094356742488,0.06279662503032266
45.3377,elbow_pitch,0.7081475745654112,1.0076302571044773
45.3377,wrist_yaw,-6.584257841751609e-07,0.0
45.3775,shoulder_yaw,-0.17272630493867835,-0.19258376736446287
45.3775,shoulder_pitch,0.039592875183657186,0.06811497525811432
45.3775,elbow_pitch,0.7041169065970401,1.000395380391541
45.3775,wrist_yaw,-1.9205945999954693e-07,0.0
45.4192,shoulder_yaw,-0.1766789284363669,-0.19711276719364404
45.4192,shoulder_pitch,0.04061553803473998,0.07331516319785662
45.4192,elbow_pitch,0.7000239066901472,0.9932486837657701
45.4192,wrist_yaw,-3.4546752554259446e-09,0.0
45.4574,shoulder_yaw,-0.18065006791022853,-0.20165381125431817
45.4574,shoulder_pitch,0.041669481866961955,0.07856274310293487
45.4574,elbow_pitch,0.6957976924600339,0.9859655246783325
45.4574,wrist_yaw,1.284925101895145e-07,0.0
45.497,shoulder_yaw,-0.18458619508498375,-0.20597375127979578
45.497,shoulder_pitch,0.04279693814480409,0.08358577516270198
45.497,elbow_pitch,0.691416405617002,0.978928137733632
45.497,wrist_yaw,-1.0018463238975514e-07,0.0
45.532,shoulder_yaw,-0.18830075728739415,-0.20971764188907333
45.532,shoulder_pitch,0.04405986820510023,0.08796324708578715
45.532,elbow_pitch,0.6869394632018259,0.9727435488408113
45.532,wrist_yaw,-9.108294496886371e-07,0.0
45.5707,shoulder_yaw,-0.19187611506789834,-0.21385306016095645
45.5707,shoulder_pitch,0.0454327256057471,0.09282449582364316
45.5707,elbow_pitch,0.682351735695855,0.9658200250002851
45.5707,wrist_yaw,-5.677939948112763e-07,0.0
45.6116,shoulder_yaw,-0.19540486564861023,-0.21798961800090946
45.6116,shoulder_pitch,0.04689436886282435,0.09771419826358552
45.6116,elbow_pitch,0.6776463191367937,0.9587980524381889
45.6116,wrist_yaw,-1.5961585686496739e-07,0.0
45.6513,shoulder_yaw,-0.19891857001203,-0.22200446107811808
45.6513,shoulder_pitch,0.04843700301817948,0.10248578543551273
45.6513,elbow_pitch,0.6728399786023773,0.9518905960592284
45.6513,wrist_yaw,-2.0005943247772022e-08,0.0
45.6889,shoulder_yaw,-0.2024181206798053,-0.22594492196684005
45.6889,shoulder_pitch,0.05005075865985594,0.10719348494878222
45.6889,elbow_pitch,0.6679579003528877,0.9450231126430347
45.6889,wrist_yaw,-1.7121132470474283e-08,0.0
45.7285,shoulder_yaw,-0.20588246012015962,-0.2297951639197104
45.7285,shoulder_pitch,0.05172317305974767,0.11181670963386135
45.7285,elbow_pitch,0.6630316522906415,0.9382288592458672
45.7285,wrist_yaw,-1.1081734803231957e-07,0.0
45.7637,shoulder_yaw,-0.20917732215534765,-0.23318352573815987
45.7637,shoulder_pitch,0.053465819216766276,0.11590427413789262
45.7637,elbow_pitch,0.6581458148822266,0.9321811192849087
45.7637,wrist_yaw,-7.043638605024079e-07,0.0
45.7985,shoulder_yaw,-0.2122473365840227,-0.23645090895536178
45.7985,shoulder_pitch,0.055254668677121054,0.11986260351172442
45.7985,elbow_pitch,0.6533653832519649,0.926288669904484
45.7985,wrist_yaw,-9.608851291597836e-07,0.0
45.8381,shoulder_yaw,-0.21520845688597268,-0.23997203881824775
45.8381,shoulder_pitch,0.05702039974746295,0.12414660640645106
45.8381,elbow_pitch,0.6486869884080393,0.9198720919376046
45.8381,wrist_yaw,-4.5427964295367714e-07,0.0
45.8769,shoulder_yaw,-0.21816104154767038,-0.2434907296117606
45.8769,shoulder_pitch,0.05871758400590718,0.12844647209674517
45.8769,elbow_pitch,0.6441005943214153,0.9133911648999219
45.8769,wrist_yaw,-4.960428389551627e-09,0.0
45.9161,shoulder_yaw,-0.22112310342722602,-0.24686723139201275
45.9161,shoulder_pitch,0.06033396673765039,0.13259018572097953
45.9161,elbow_pitch,0.6396110630673251,0.9071076025822232
45.9161,wrist_yaw,7.689721377276284e-08,0.0
45.9569,shoulder_yaw,-0.224080340663336,-0.2501702919846967
45.9569,shoulder_pitch,0.061866727827538354,0.13666036698072184
45.9569,elbow_pitch,0.6352207398120595,0.9008996821311273
45.9569,wrist_yaw,1.1372888571716898e-08,0.0
45.9929,shoulder_yaw,-0.22695621804624494,-0.25323089451046743
45.9929,shoulder_pitch,0.06333273413738429,0.14044635922243534
45.9929,elbow_pitch,0.6309532490959957,0.8950936726731482
45.9929,wrist_yaw,-3.3236844779878493e-07,0.0
46.0301,shoulder_yaw,-0.2297015912970112,-0.2561792730779985
46.0301,shoulder_pitch,0.06473818376712127,0.14410672915914935
46.0301,elbow_pitch,0.6268239953071177,0.8894517234027399
46.0301,wrist_yaw,-5.586123302382546e-07,0.0
46.0661,shoulder_yaw,-0.23227981973007278,-0.2589492980308879
46.0661,shoulder_pitch,0.06608902434758401,0.1475574256818774
46.0661,elbow_pitch,0.6228515534123558,0.8841074813667027
46.0661,wrist_yaw,-7.273614424879246e-07,0.0
46.1047,shoulder_yaw,-0.23474126486480967,-0.261777293751712
46.1047,shoulder_pitch,0.06736735156379861,0.15109203183606934
46.1047,elbow_pitch,0.6190204452956516,0.8786079034820339
46.1047,wrist_yaw,-5.057426989832749e-07,0.0
46.1429,shoulder_yaw,-0.2371322546421695,-0.2645352810864859
46.1429,shoulder_pitch,0.06856681374967774,0.1545504702728749
46.1429,elbow_pitch,0.6153142057545976,0.8732022114443561
46.1429,wrist_yaw,-2.9618165600818e-07,0.0
46.1794,shoulder_yaw,-0.23944965453035627,-0.2671123859520782
46.1794,shoulder_pitch,0.06969998081470317,0.15779216110924374
46.1794,elbow_pitch,0.6117330408370933,0.8681133943206361
46.1794,wrist_yaw,-3.109857235315062e-07,0.0
46.2151,shoulder_yaw,-0.24165368079395688,-0.26947475865305576
46.2151,shoulder_pitch,0.07078650242673945,0.16077226227735783
46.2151,elbow_pitch,0.6082921751289881,0.8634166780559247
46.2151,wrist_yaw,-4.944307693528099e-07,0.0
46.2554,shoulder_yaw,-0.24381942100711082,-0.27204889420971146
46.2554,shoulder_pitch,0.07180305634180426,0.1640287415281777
46.2554,elbow_pitch,0.6049512678449289,0.8582642413350974
46.2554,wrist_yaw,-1.5864400760466545e-07,0.0
46.2912,shoulder_yaw,-0.24591567746934398,-0.27432256786101816
46.2912,shoulder_pitch,0.07277235894928459,0.16691310227168202
46.2912,elbow_pitch,0.6017163649091006,0.853683148543701
46.2912,wrist_yaw,-2.964058102420746e-07,0.0
46.3293,shoulder_yaw,-0.2479365476326913,-0.27655989904230305
46.3293,shoulder_pitch,0.07370141281135878,0.16975864955545744
46.3293,elbow_pitch,0.5985813970815108,0.8491477850451188
46.3293,wrist_yaw,-3.285092194827899e-07,0.0
46.3647,shoulder_yaw,-0.24984662245768904,-0.27860000803093055
46.3647,shoulder_pitch,0.07460680622230642,0.17235964377099983
46.3647,elbow_pitch,0.5955582566853252,0.8449884713676657
46.3647,wrist_yaw,-4.913090005115501e-07,0.0
46.4022,shoulder_yaw,-0.25166102232196513,-0.28063833198630794
46.4022,shoulder_pitch,0.07548375872336172,0.17496433045607684
46.4022,elbow_pitch,0.5926396249123091,0.8408102015023292
46.4022,wrist_yaw,-4.2632123232655703e-07,0.0
46.4415,shoulder_yaw,-0.253415889362001,-0.2826647178416948
46.4415,shoulder_pitch,0.07632380494403496,0.17755965826466924
46.4415,elbow_pitch,0.5898092725189008,0.8366340396476979
46.4415,wrist_yaw,-2.6118225480451246e-07,0.0
46.4785,shoulder_yaw,-0.25508753100338155,-0.2844695306319811
46.4785,shoulder_pitch,0.0771420592806389,0.179876138874175
46.4785,elbow_pitch,0.5870793389273581,0.8328957614785719
46.4785,wrist_yaw,-3.694600098633263e-07,0.0
46.5186,shoulder_yaw,-0.25669865758935856,-0.286307508593597
46.5186,shoulder_pitch,0.0779308947882647,0.1822399540917984
46.5186,elbow_pitch,0.5844392697276456,0.8290706470898564
46.5186,wrist_yaw,-2.691016776027116e-07,0.0
46.5605,shoulder_yaw,-0.2582809456869694,-0.2881425271399603
46.5605,shoulder_pitch,0.0786824291288783,0.18460474979819005
46.5605,elbow_pitch,0.5818716072859216,0.8252334464162061
46.5605,wrist_yaw,-1.2286801239120378e-07,0.0
46.6002,shoulder_yaw,-0.2597888045782051,-0.2897223501171525
46.6002,shoulder_pitch,0.07941827861554347,0.1866444958818297
46.6002,elbow_pitch,0.5793953422208133,0.8219152937186681
46.6002,wrist_yaw,-3.322391349704094e-07,0.0
46.641,shoulder_yaw,-0.2612060952026837,-0.29125316210754953
46.641,shoulder_pitch,0.08014082923510617,0.18862432846445112
46.641,elbow_pitch,0.577018154170515,0.8186872129319542
46.641,wrist_yaw,-4.11309619294829e-07,0.0
46.6799,shoulder_yaw,-0.2625059019292875,-0.2926193096512155
46.6799,shoulder_pitch,0.08085573936455244,0.19039398849257558
46.6799,elbow_pitch,0.5747589300568359,0.8157956800005708
46.6799,wrist_yaw,-5.367990262097234e-07,0.0
46.7163,shoulder_yaw,-0.26364602618327115,-0.29375894158982246
46.7163,shoulder_pitch,0.08157105558739648,0.19187223860085612
46.7163,elbow_pitch,0.572652044380116,0.8133758755550764
46.7163,wrist_yaw,-7.346797005017244e-07,0.0
46.7539,shoulder_yaw,-0.26463859192847744,-0.2948457260447089
46.7539,shoulder_pitch,0.08227007444842634,0.1932836394058977
46.7539,elbow_pitch,0.5707119434895032,0.8110617584999839
46.7539,wrist_yaw,-6.824608469451993e-07,0.0
46.7897,shoulder_yaw,-0.26549918729829364,-0.29579631334532935
46.7897,shoulder_pitch,0.08293781661655421,0.19451952103271963
46.7897,elbow_pitch,0.5689535803135966,0.809032429755624
46.7897,wrist_yaw,-6.104287604586604e-07,0.0
46.824,shoulder_yaw,-0.26624163671537043,-0.2966156662378014
46.824,shoulder_pitch,0.08356041525443202,0.19558579813183127
46.824,elbow_pitch,0.5673903467335383,0.8072793557019654
46.824,wrist_yaw,-5.473759077268852e-07,0.0
46.8638,shoulder_yaw,-0.26691273744714633,-0.29743859398913125
46.8638,shoulder_pitch,0.08411209071789143,0.1966576736154178
46.8638,elbow_pitch,0.566012265413928,0.8055149939086569
46.8638,wrist_yaw,-3.312649094105924e-07,0.0
46.8984,shoulder_yaw,-0.26751084419532617,-0.29808127652372074
46.8984,shoulder_pitch,0.08459052376452826,0.19749543582249113
46.8984,elbow_pitch,0.5648245662282027,0.8041345436263642
46.8984,wrist_yaw,-3.3746636773412533e-07,0.0
46.9342,shoulder_yaw,-0.26803395098309163,-0.2986383627677732
46.9342,shoulder_pitch,0.08499187726990705,0.19822208688602475
46.9342,elbow_pitch,0.5638254879556335,0.8029361515720597
46.9342,wrist_yaw,-3.4875715368066663e-07,0.0
46.9698,shoulder_yaw,-0.2684782300114355,-0.2991013498713749
46.9698,shoulder_pitch,0.08531489681970847,0.19882632684936696
46.9698,elbow_pitch,0.5630099357865238,0.801938913194487
46.9698,wrist_yaw,-3.671865382060386e-07,0.0
47.0063,shoulder_yaw,-0.26884093132726455,-0.29947351782370263
47.0063,shoulder_pitch,0.08556087953838509,0.19931225650185058
47.0063,elbow_pitch,0.5623701063049417,0.8011364563653295
47.0063,wrist_yaw,-3.8058294324395107e-07,0.0
47.0412,shoulder_yaw,-0.26911585311173125,-0.29973745773289134
47.0412,shoulder_pitch,0.08573552037483162,0.19965699281216176
47.0412,elbow_pitch,0.5618994258563196,0.8005669060090858
47.0412,wrist_yaw,-4.0984198725066715e-07,0.0
47.0784,shoulder_yaw,-0.2693044901273186,-0.29992019429463695
47.0784,shoulder_pitch,0.08584351238799187,0.19989572498360375
47.0784,elbow_pitch,0.5615879240584405,0.8001723632036142
47.0784,wrist_yaw,-4.0346280900844816e-07,0.0
47.1168,shoulder_yaw,-0.26940544272086997,-0.2999977126511684
47.1168,shoulder_pitch,0.08589268650099612,0.19999701120117291
47.1168,elbow_pitch,0.5614279548891078,0.8000049406594125
47.1168,wrist_yaw,-4.0993969218015223e-07,0.0
47.1558,shoulder_yaw,-0.26941419286469687,-0.2999633883116449
47.1558,shoulder_pitch,0.0858921946536104,0.1999521616613523
47.1558,elbow_pitch,0.5614148090306014,0.8000790776437874
47.1558,wrist_yaw,-4.3119421533486773e-07,0.0
47.1952,shoulder_yaw,-0.2693250072942395,-0.2998140882976085
47.1952,shoulder_pitch,0.08585053392795398,0.19975709946425513
47.1952,elbow_pitch,0.5615464626977845,0.8004014763684711
47.1952,wrist_yaw,-4.581115725372572e-07,0.0
47.2337,shoulder_yaw,-0.2691342237026355,-0.299553059045398
47.2337,shoulder_pitch,0.08577374658488805,0.19941613638875735
47.2337,elbow_pitch,0.5618223536868108,0.8009648554766865
47.2337,wrist_yaw,-4.7527402998693695e-07,0.0
47.2728,shoulder_yaw,-0.2688399540873357,-0.29917824085972833
47.2728,shoulder_pitch,0.08566556637571889,0.19892670549957556
47.2728,elbow_pitch,0.5622434621841808,0.8017731843165525
47.2728,wrist_yaw,-4.839194015839878e-07,0.0
47.3115,shoulder_yaw,-0.26844325004548625,-0.2986942890887703
47.3115,shoulder_pitch,0.08552697435062379,0.19829505989264876
47.3115,elbow_pitch,0.5628112017126758,0.8028157518366841
47.3115,wrist_yaw,-4.787273332899788e-07,0.0
47.3503,shoulder_yaw,-0.2679454553599166,-0.2980975083484568
47.3503,shoulder_pitch,0.08535747407781552,0.19751660212579591
47.3503,elbow_pitch,0.5635280103076165,0.8040996496897649
47.3503,wrist_yaw,-4.7194160124631725e-07,0.0
47.3846,shoulder_yaw,-0.26737031969294833,-0.2974675366671079
47.3846,shoulder_pitch,0.08514724142275694,0.19669538912704063
47.3846,elbow_pitch,0.5643844654069474,0.8054528742729561
47.3846,wrist_yaw,-3.610156697687052e-07,0.0
47.423,shoulder_yaw,-0.26670793999831655,-0.2966678899726727
47.423,shoulder_pitch,0.08490102224998892,0.19565379214588252
47.423,elbow_pitch,0.5653863295565918,0.8071674960761626
47.423,wrist_yaw,-4.052139592471002e-07,0.0
47.4604,shoulder_yaw,-0.26595393734663086,-0.29577468933303336
47.4604,shoulder_pitch,0.0846180868475998,0.1944913930434631
47.4604,elbow_pitch,0.5665359530174557,0.809078647158685
47.4604,wrist_yaw,-4.260066434891886e-07,0.0
47.4979,shoulder_yaw,-0.2651059397716283,-0.2947785520513031
47.4979,shoulder_pitch,0.08429645411125083,0.19319635282805203
47.4979,elbow_pitch,0.567834959115215,0.8112049783730424
47.4979,wrist_yaw,-4.3616769134717817e-07,0.0
47.5352,shoulder_yaw,-0.2641662559430421,-0.29368933948230075
47.5352,shoulder_pitch,0.08393272752044206,0.19178190328393352
47.5352,elbow_pitch,0.5692828230251608,0.8135238640452342
47.5352,wrist_yaw,-4.245190604557888e-07,0.0
47.5732,shoulder_yaw,-0.2631294035234597,-0.2924729591506508
47.5732,shoulder_pitch,0.08352720242900609,0.1902042853835247
47.5732,elbow_pitch,0.5708829611939661,0.8161059213766291
47.5732,wrist_yaw,-4.4867753135714526e-07,0.0
47.6117,shoulder_yaw,-0.2619881860120961,-0.29113289278228305
47.6117,shoulder_pitch,0.0830801586162515,0.1884686617769249
47.6117,elbow_pitch,0.5726401311387075,0.8189412875607033
47.6117,wrist_yaw,-4.811180922536901e-07,0.0
47.6489,shoulder_yaw,-0.26075652257788806,-0.2897382882830804
47.6489,shoulder_pitch,0.08258398015302275,0.18666509200692735
47.6489,elbow_pitch,0.5745486461678501,0.8218817495343469
47.6489,wrist_yaw,-4.1563004080021506e-07,0.0
47.6827,shoulder_yaw,-0.2594818822919035,-0.28837991608366487
47.6827,shoulder_pitch,0.08202245807715018,0.1849110226210173
47.6827,elbow_pitch,0.5765828751048502,0.8247357123990443
47.6827,wrist_yaw,-1.942265473983481e-07,0.0
47.7212,shoulder_yaw,-0.258122721818242,-0.28673324011654494
47.7212,shoulder_pitch,0.08141693004998357,0.18278817036145598
47.7212,elbow_pitch,0.5787568226325022,0.8281820249404425
47.7212,wrist_yaw,-3.8284316164108105e-07,0.0
47.7591,shoulder_yaw,-0.25666138645457753,-0.2850129113674085
47.7591,shoulder_pitch,0.0807720338795791,0.18057447809495436
47.7591,elbow_pitch,0.5810734938044291,0.8317668080326445
47.7591,wrist_yaw,-4.6623821394808853e-07,0.0
47.7976,shoulder_yaw,-0.25508205700330794,-0.2831568758238321
47.7976,shoulder_pitch,0.08009128223178798,0.17819088331073907
47.7976,elbow_pitch,0.5835385370596178,0.8356163926109358
47.7976,wrist_yaw,-5.371225623641787e-07,0.0
47.8362,shoulder_yaw,-0.2533835274277653,-0.28119511187392787
47.8362,shoulder_pitch,0.07937266884993092,0.17567685063871685
47.8362,elbow_pitch,0.5861540777345372,0.8396649590395758
47.8362,wrist_yaw,-5.408800755614283e-07,0.0
47.8747,shoulder_yaw,-0.25157994157845387,-0.2791506295255942
47.8747,shoulder_pitch,0.0786099370515252,0.17306267196494676
47.8747,elbow_pitch,0.5889164123293438,0.8438620022724348
47.8747,wrist_yaw,-4.733561102286706e-07,0.0
47.9135,shoulder_yaw,-0.24967000108035697,-0.2769552037890211
47.9135,shoulder_pitch,0.07780368745877796,0.17026216744924483
47.9135,elbow_pitch,0.5918287335878428,0.8483436178735342
47.9135,wrist_yaw,-4.7631743098249873e-07,0.0
47.9522,shoulder_yaw,-0.24766020511344553,-0.2746652418689796
47.9522,shoulder_pitch,0.0769503338312435,0.1673484634541308
47.9522,elbow_pitch,0.5948892778532254,0.8529902713286338
47.9522,wrist_yaw,-4.446875286726024e-07,0.0
47.9909,shoulder_yaw,-0.24555913630576304,-0.2722796731199835
47.9909,shoulder_pitch,0.07604599904549703,0.1643211642085024
47.9909,elbow_pitch,0.5980933217088662,0.8578005436962681
47.9909,wrist_yaw,-4.0279816706939164e-07,0.0
48.0295,shoulder_yaw,-0.24337213143817396,-0.26979288895737935
48.0295,shoulder_pitch,0.07508878901544826,0.161174200236063
48.0295,elbow_pitch,0.6014351876024582,0.8627818619426976
48.0295,wrist_yaw,-3.7593654936067536e-07,0.0
48.068,shoulder_yaw,-0.2411038392981452,-0.2672149248994885
48.068,shoulder_pitch,0.07407782209084153,0.15792134367572963
48.068,elbow_pitch,0.6049071492527899,0.8679101664868596
48.068,wrist_yaw,-3.5253507809404876e-07,0.0
48.1028,shoulder_yaw,-0.23883549103962046,-0.26481779037272973
48.1028,shoulder_pitch,0.07298997373175245,0.15490535902863922
48.1028,elbow_pitch,0.6084606482855327,0.8726461358642266
48.1028,wrist_yaw,1.826499614895141e-08,0.0
48.1415,shoulder_yaw,-0.23650093962261487,-0.2620319008132924
48.1415,shoulder_pitch,0.07185996835008411,0.1514108337551171
48.1415,elbow_pitch,0.6121093119363393,0.8781106175717501
48.1415,wrist_yaw,-2.769605590737358e-07,0.0
48.1802,shoulder_yaw,-0.23405790949443697,-0.2591555804283337
48.1802,shoulder_pitch,0.07070304082917636,0.14781485145044596
48.1802,elbow_pitch,0.615858593039179,0.8837078107668016
48.1802,wrist_yaw,-4.7186328925864046e-07,0.0
48.2189,shoulder_yaw,-0.23149054698020702,-0.25618422332745483
48.2189,shoulder_pitch,0.06952353261565557,0.14411288568289782
48.2189,elbow_pitch,0.6197093845096625,0.8894422104706378
48.2189,wrist_yaw,-5.411204047019411e-07,0.0
48.255,shoulder_yaw,-0.22886471750516738,-0.25333109394340925
48.255,shoulder_pitch,0.06830243690480974,0.14057054310055112
48.255,elbow_pitch,0.6236295773892405,0.8949027194511752
48.255,wrist_yaw,-2.4119141707781973e-07,0.0
48.2938,shoulder_yaw,-0.22614712277126917,-0.2501685155450068
48.2938,shoulder_pitch,0.0670591030154093,0.1366581735745341
48.2938,elbow_pitch,0.6276307502535494,0.9009030370532413
48.2938,wrist_yaw,-3.852537720501484e-07,0.0
48.3296,shoulder_yaw,-0.22339691511456283,-0.24717198711686733
48.3296,shoulder_pitch,0.06577789343222741,0.13296503350599015
48.3296,elbow_pitch,0.6316823191671518,0.9065373567851627
48.3296,wrist_yaw,-1.2118809623774017e-07,0.0
48.3678,shoulder_yaw,-0.22056645772524733,-0.24385898477250664
48.3678,shoulder_pitch,0.06448054277298594,0.12889756655286863
48.3678,elbow_pitch,0.6357986070573934,0.912708921842278
48.3678,wrist_yaw,-3.292446974250923e-07,0.0
48.4067,shoulder_yaw,-0.2176184179182495,-0.24042019401136705
48.4067,shoulder_pitch,0.06317584858101463,0.12469321137884821
48.4067,elbow_pitch,0.6399926507366973,0.9190504726140916
48.4067,wrist_yaw,-4.97345719126207e-07,0.0
48.4453,shoulder_yaw,-0.21454941380437154,-0.23690916269895945
48.4453,shoulder_pitch,0.061858912557596846,0.12041906997656276
48.4453,elbow_pitch,0.6442684137464223,0.9254574941229
48.4453,wrist_yaw,-5.097193330547893e-07,0.0
48.4841,shoulder_yaw,-0.21137095075540302,-0.23330772240838477
48.4841,shoulder_pitch,0.06052153718403393,0.11605443502779961
48.4841,elbow_pitch,0.6486266724859754,0.9319582288482953
48.4841,wrist_yaw,-4.5425297150472275e-07,0.0
48.5227,shoulder_yaw,-0.2080971418621616,-0.2296092023795047
48.5227,shoulder_pitch,0.05915602075804457,0.11159288665268724
48.5227,elbow_pitch,0.6530669384037124,0.9385589179990576
48.5227,wrist_yaw,-3.877365831913567e-07,0.0
